ID, Y, X, City, 1cm, 1cmyear, 100cm, 100cmyear, Date
0347,03,47,小高,0.14,0.13584,0.15,0.1884,2019-04
0348,03,48,小高,0.12,0.03072,0.11,-0.02184,2019-04
0349,03,49,小高,0.1,-0.0744,0.09,-0.12696,2019-04
0350,03,50,小高,0.19,0.39864,0.14,0.13584,2019-04
0351,03,51,小高,0.13,0.08328,0.09,-0.12696,2019-04
0352,03,52,小高,0.12,0.03072,0.18,0.34608,2019-04
0433,04,33,原町,0.1,-0.0744,0.09,-0.12696,2019-04
0434,04,34,原町,0.11,-0.02184,0.15,0.1884,2019-04
0435,04,35,原町,0.17,0.29352,0.12,0.03072,2019-04
0436,04,36,原町,0.1,-0.0744,0.07,-0.23208,2019-04
0437,04,37,原町,0.16,0.24096,0.1,-0.0744,2019-04
0438,04,38,原町,0.11,-0.02184,0.15,0.1884,2019-04
0439,04,39,小高,0.07,-0.23208,0.09,-0.12696,2019-04
0443,04,43,小高,0.07,-0.23208,0.14,0.13584,2019-04
0444,04,44,小高,0.12,0.03072,0.09,-0.12696,2019-04
0445,04,45,小高,0.18,0.34608,0.11,-0.02184,2019-04
0446,04,46,小高,0.08,-0.17952,0.14,0.13584,2019-04
0448,04,48,小高,0.13,0.08328,0.11,-0.02184,2019-04
0449,04,49,小高,0.12,0.03072,0.09,-0.12696,2019-04
0450,04,50,小高,0.15,0.1884,0.09,-0.12696,2019-04
0451,04,51,小高,0.07,-0.23208,0.14,0.13584,2019-04
0452,04,52,小高,0.19,0.39864,0.16,0.24096,2019-04
0530,05,30,原町,0.08,-0.17952,0.13,0.08328,2019-04
0531,05,31,原町,0.15,0.1884,0.11,-0.02184,2019-04
0532,05,32,原町,0.13,0.08328,0.11,-0.02184,2019-04
0533,05,33,原町,0.19,0.39864,0.14,0.13584,2019-04
0534,05,34,原町,0.16,0.24096,0.14,0.13584,2019-04
0535,05,35,原町,0.14,0.13584,0.14,0.13584,2019-04
0536,05,36,原町,0.12,0.03072,0.11,-0.02184,2019-04
0537,05,37,原町,0.12,0.03072,0.11,-0.02184,2019-04
0538,05,38,原町,0.14,0.13584,0.12,0.03072,2019-04
0539,05,39,小高,0.08,-0.17952,0.15,0.1884,2019-04
0540,05,40,小高,0.13,0.08328,0.08,-0.17952,2019-04
0541,05,41,小高,0.12,0.03072,0.1,-0.0744,2019-04
0542,05,42,小高,0.11,-0.02184,0.11,-0.02184,2019-04
0543,05,43,小高,0.07,-0.23208,0.12,0.03072,2019-04
0544,05,44,小高,,-0.6,,-0.6,2019-04
0545,05,45,小高,0.14,0.13584,0.07,-0.23208,2019-04
0546,05,46,小高,0.15,0.1884,0.16,0.24096,2019-04
0547,05,47,小高,0.15,0.1884,0.15,0.1884,2019-04
0548,05,48,小高,0.13,0.08328,0.16,0.24096,2019-04
0549,05,49,小高,0.12,0.03072,0.1,-0.0744,2019-04
0550,05,50,小高,0.08,-0.17952,0.13,0.08328,2019-04
0551,05,51,小高,0.25,0.714,0.18,0.34608,2019-04
0552,05,52,小高,0.2,0.4512,0.18,0.34608,2019-04
0622,06,22,原町,0.18,0.34608,0.14,0.13584,2019-04
0623,06,23,原町,0.14,0.13584,0.12,0.03072,2019-04
0624,06,24,原町,0.13,0.08328,0.09,-0.12696,2019-04
0625,06,25,原町,0.18,0.34608,0.1,-0.0744,2019-04
0626,06,26,原町,,-0.6,,-0.6,2019-04
0627,06,27,原町,0.09,-0.12696,0.11,-0.02184,2019-04
0628,06,28,原町,0.11,0.1,0.12,0.03072,2019-04
0629,06,29,原町,0.12,0.03072,0.15,0.1884,2019-04
0630,06,30,原町,0.08,-0.17952,0.13,0.08328,2019-04
0631,06,31,原町,0.13,0.08328,0.14,0.13584,2019-04
0632,06,32,原町,0.15,0.1884,0.12,0.03072,2019-04
0633,06,33,原町,0.1,-0.0744,0.1,-0.0744,2019-04
0634,06,34,原町,0.08,-0.17952,0.13,0.08328,2019-04
0635,06,35,原町,0.19,0.39864,0.13,0.08328,2019-04
0636,06,36,原町,0.13,0.08328,0.12,0.03072,2019-04
0637,06,37,原町,0.12,0.03072,0.11,-0.02184,2019-04
0638,06,38,原町,0.11,-0.02184,0.13,0.08328,2019-04
0639,06,39,小高,0.12,0.03072,0.18,0.34608,2019-04
0640,06,40,小高,0.14,0.13584,0.13,0.08328,2019-04
0641,06,41,小高,0.08,-0.17952,0.13,0.08328,2019-04
0642,06,42,小高,0.15,0.1884,0.12,0.03072,2019-04
0643,06,43,小高,0.04,-0.38976,0.09,-0.12696,2019-04
0644,06,44,小高,0.15,0.1884,0.09,-0.12696,2019-04
0645,06,45,小高,0.14,0.13584,0.13,0.08328,2019-04
0646,06,46,小高,0.2,0.4512,0.16,0.24096,2019-04
0647,06,47,小高,0.15,0.1884,0.16,0.24096,2019-04
0648,06,48,小高,0.18,0.34608,0.11,-0.02184,2019-04
0649,06,49,小高,0.12,0.03072,0.1,-0.0744,2019-04
0650,06,50,小高,0.1,-0.0744,0.07,-0.23208,2019-04
0651,06,51,小高,0.18,0.34608,0.12,0.03072,2019-04
0652,06,52,小高,0.19,0.39864,0.13,0.08328,2019-04
0706,07,06,鹿島,0.09,-0.12696,0.09,-0.12696,2019-04
0707,07,07,鹿島,0.11,-0.02184,0.11,-0.02184,2019-04
0708,07,08,鹿島,0.12,0.03072,0.11,-0.02184,2019-04
0709,07,09,鹿島,0.11,-0.02184,0.1,-0.0744,2019-04
0710,07,10,鹿島,0.16,0.24096,0.09,-0.12696,2019-04
0711,07,11,鹿島,0.09,-0.12696,0.12,0.03072,2019-04
0712,07,12,鹿島,0.12,0.03072,0.06,-0.28464,2019-04
0713,07,13,鹿島,0.12,0.03072,0.11,-0.02184,2019-04
0715,07,15,原町,0.11,-0.02184,0.07,-0.23208,2019-04
0716,07,16,原町,0.17,0.29352,0.1,-0.0744,2019-04
0718,07,18,原町,0.05,-0.3372,0.05,-0.3372,2019-04
0719,07,19,原町,0.11,-0.02184,0.14,0.13584,2019-04
0720,07,20,原町,0.09,-0.12696,0.12,0.03072,2019-04
0721,07,21,原町,0.14,0.13584,0.11,-0.02184,2019-04
0722,07,22,原町,0.11,-0.02184,0.13,0.08328,2019-04
0723,07,23,原町,0.07,-0.23208,0.16,0.24096,2019-04
0724,07,24,原町,0.13,0.08328,0.1,-0.0744,2019-04
0725,07,25,原町,,-0.6,,-0.6,2019-04
0726,07,26,原町,0.13,0.08328,0.07,-0.23208,2019-04
0727,07,27,原町,0.08,-0.17952,0.1,-0.0744,2019-04
0728,07,28,原町,0.12,0.13,0.11,-0.02184,2019-04
0729,07,29,原町,0.09,-0.12696,0.12,0.03072,2019-04
0730,07,30,原町,0.12,0.03072,0.16,0.24096,2019-04
0731,07,31,原町,0.1,-0.0744,0.06,-0.28464,2019-04
0732,07,32,原町,0.1,-0.0744,0.09,-0.12696,2019-04
0733,07,33,原町,0.16,0.24096,0.13,0.08328,2019-04
0734,07,34,原町,0.1,-0.0744,0.2,0.4512,2019-04
0735,07,35,原町,0.11,-0.02184,0.12,0.03072,2019-04
0736,07,36,原町,0.23,0.60888,0.13,0.08328,2019-04
0737,07,37,原町,0.14,0.13584,0.12,0.03072,2019-04
0738,07,38,原町,0.11,-0.02184,0.12,0.03072,2019-04
0739,07,39,小高,0.12,0.03072,0.13,0.08328,2019-04
0740,07,40,小高,0.14,0.13584,0.2,0.4512,2019-04
0741,07,41,小高,0.18,0.34608,0.1,-0.0744,2019-04
0742,07,42,小高,0.15,0.1884,0.11,-0.02184,2019-04
0743,07,43,小高,0.14,0.13584,0.13,0.08328,2019-04
0744,07,44,小高,0.15,0.1884,0.16,0.24096,2019-04
0745,07,45,小高,0.18,0.34608,0.12,0.03072,2019-04
0746,07,46,小高,0.15,0.1884,0.16,0.24096,2019-04
0747,07,47,小高,0.12,0.03072,0.15,0.1884,2019-04
0748,07,48,小高,0.12,0.03072,0.12,0.03072,2019-04
0749,07,49,小高,0.11,-0.02184,0.11,-0.02184,2019-04
0750,07,50,小高,0.1,-0.0744,0.15,0.1884,2019-04
0751,07,51,小高,0.16,0.24096,0.15,0.1884,2019-04
0752,07,52,小高,0.12,0.03072,0.13,0.08328,2019-04
0806,08,06,鹿島,0.11,-0.02184,0.09,-0.12696,2019-04
0807,08,07,鹿島,0.12,0.03072,0.08,-0.17952,2019-04
0808,08,08,鹿島,0.1,-0.0744,0.1,-0.0744,2019-04
0809,08,09,鹿島,0.11,-0.02184,0.1,-0.0744,2019-04
0810,08,10,鹿島,0.12,0.03072,0.1,-0.0744,2019-04
0811,08,11,鹿島,0.12,0.03072,0.11,-0.02184,2019-04
0812,08,12,鹿島,0.11,-0.02184,0.13,0.08328,2019-04
0813,08,13,鹿島,0.14,0.13584,0.1,-0.0744,2019-04
0814,08,14,鹿島,0.12,0.03072,0.06,-0.28464,2019-04
0815,08,15,原町,0.11,-0.02184,0.12,0.03072,2019-04
0816,08,16,原町,0.11,-0.02184,0.14,0.13584,2019-04
0817,08,17,原町,0.13,0.08328,0.14,0.13584,2019-04
0818,08,18,原町,0.12,0.03072,0.13,0.08328,2019-04
0819,08,19,原町,0.09,-0.12696,0.09,-0.12696,2019-04
0820,08,20,原町,0.18,0.34608,0.23,0.60888,2019-04
0821,08,21,原町,0.08,-0.17952,0.14,0.13584,2019-04
0822,08,22,原町,0.09,-0.12696,0.12,0.03072,2019-04
0823,08,23,原町,0.1,-0.0744,0.09,-0.12696,2019-04
0824,08,24,原町,0.09,-0.12696,0.12,0.03072,2019-04
0825,08,25,原町,0.16,0.24096,0.15,0.1884,2019-04
0826,08,26,原町,0.09,-0.12696,0.1,-0.0744,2019-04
0827,08,27,原町,0.12,0.03072,0.13,0.08328,2019-04
0828,08,28,原町,0.1,0.14,0.14,0.13584,2019-04
0829,08,29,原町,0.12,0.03072,0.15,0.1884,2019-04
0830,08,30,原町,0.13,0.08328,0.15,0.1884,2019-04
0831,08,31,原町,0.18,0.34608,0.14,0.13584,2019-04
0832,08,32,原町,0.14,0.13584,0.14,0.13584,2019-04
0833,08,33,原町,0.18,0.34608,0.14,0.13584,2019-04
0834,08,34,原町,0.11,-0.02184,0.14,0.13584,2019-04
0835,08,35,原町,0.11,-0.02184,0.15,0.1884,2019-04
0836,08,36,原町,0.2,0.4512,0.15,0.1884,2019-04
0837,08,37,原町,0.16,0.24096,0.18,0.34608,2019-04
0838,08,38,原町,0.28,0.87168,0.18,0.34608,2019-04
0839,08,39,小高,0.19,0.39864,0.14,0.13584,2019-04
0840,08,40,小高,0.15,0.1884,0.12,0.03072,2019-04
0841,08,41,小高,0.12,0.03072,0.12,0.03072,2019-04
0842,08,42,小高,0.13,0.08328,0.12,0.03072,2019-04
0843,08,43,小高,0.11,-0.02184,0.13,0.08328,2019-04
0844,08,44,小高,0.23,0.60888,0.17,0.29352,2019-04
0845,08,45,小高,0.13,0.08328,0.17,0.29352,2019-04
0846,08,46,小高,0.17,0.29352,0.1,-0.0744,2019-04
0847,08,47,小高,0.12,0.03072,0.16,0.24096,2019-04
0848,08,48,小高,0.19,0.39864,0.12,0.03072,2019-04
0849,08,49,小高,0.11,-0.02184,0.1,-0.0744,2019-04
0850,08,50,小高,0.12,0.03072,0.13,0.08328,2019-04
0851,08,51,小高,0.13,0.08328,0.11,-0.02184,2019-04
0852,08,52,小高,0.16,0.24096,0.11,-0.02184,2019-04
0904,09,04,鹿島,0.14,0.13584,0.11,-0.02184,2019-04
0905,09,05,鹿島,0.14,0.13584,0.07,-0.23208,2019-04
0906,09,06,鹿島,0.13,0.08328,0.11,-0.02184,2019-04
0907,09,07,鹿島,0.12,0.03072,0.09,-0.12696,2019-04
0908,09,08,鹿島,0.13,0.08328,0.11,-0.02184,2019-04
0909,09,09,鹿島,0.14,0.13584,0.09,-0.12696,2019-04
0910,09,10,鹿島,0.15,0.1884,0.1,-0.0744,2019-04
0911,09,11,鹿島,0.17,0.29352,0.11,-0.02184,2019-04
0912,09,12,鹿島,0.14,0.13584,0.11,-0.02184,2019-04
0913,09,13,鹿島,0.08,-0.17952,0.09,-0.12696,2019-04
0914,09,14,鹿島,0.11,-0.02184,0.12,0.03072,2019-04
0915,09,15,原町,0.12,0.03072,0.11,-0.02184,2019-04
0916,09,16,原町,0.09,-0.12696,0.16,0.24096,2019-04
0917,09,17,原町,0.22,0.55632,0.15,0.1884,2019-04
0918,09,18,原町,0.12,0.03072,0.08,-0.17952,2019-04
0919,09,19,原町,0.13,0.08328,0.14,0.13584,2019-04
0920,09,20,原町,0.07,-0.23208,0.13,0.08328,2019-04
0921,09,21,原町,0.18,0.34608,0.08,-0.17952,2019-04
0922,09,22,原町,0.17,0.29352,0.1,-0.0744,2019-04
0923,09,23,原町,0.14,0.13584,0.14,0.13584,2019-04
0924,09,24,原町,0.16,0.24096,0.12,0.03072,2019-04
0925,09,25,原町,0.1,-0.0744,0.09,-0.12696,2019-04
0926,09,26,原町,0.15,0.1884,0.14,0.13584,2019-04
0927,09,27,原町,0.15,0.1884,0.13,0.08328,2019-04
0928,09,28,原町,0.14,0.13584,0.13,0.08328,2019-04
0929,09,29,原町,0.12,0.03072,0.12,0.03072,2019-04
0930,09,30,原町,0.14,0.13584,0.11,-0.02184,2019-04
0931,09,31,原町,0.11,-0.02184,0.14,0.13584,2019-04
0932,09,32,原町,0.17,0.29352,0.11,-0.02184,2019-04
0933,09,33,原町,0.12,0.03072,0.15,0.1884,2019-04
0934,09,34,原町,0.13,0.08328,0.14,0.13584,2019-04
0935,09,35,原町,0.12,0.03072,0.16,0.24096,2019-04
0936,09,36,原町,0.18,0.34608,0.16,0.24096,2019-04
0937,09,37,原町,0.11,-0.02184,0.14,0.13584,2019-04
0938,09,38,原町,0.15,0.1884,0.15,0.1884,2019-04
0939,09,39,小高,0.24,0.66144,0.16,0.24096,2019-04
0940,09,40,小高,0.15,0.1884,0.1,-0.0744,2019-04
0941,09,41,小高,0.14,0.13584,0.12,0.03072,2019-04
0942,09,42,小高,0.12,0.03072,0.11,-0.02184,2019-04
0943,09,43,小高,0.14,0.13584,0.12,0.03072,2019-04
0944,09,44,小高,0.22,0.55632,0.16,0.24096,2019-04
0945,09,45,小高,0.15,0.1884,0.17,0.29352,2019-04
0946,09,46,小高,0.13,0.08328,0.12,0.03072,2019-04
0947,09,47,小高,0.23,0.60888,0.14,0.13584,2019-04
0949,09,49,小高,0.13,0.08328,0.12,0.03072,2019-04
0950,09,50,小高,0.14,0.13584,0.1,-0.0744,2019-04
0951,09,51,小高,0.18,0.34608,0.1,-0.0744,2019-04
0952,09,52,小高,0.19,0.39864,0.16,0.24096,2019-04
0953,09,53,小高,0.18,0.34608,0.13,0.08328,2019-04
1004,10,04,鹿島,0.07,-0.23208,0.12,0.03072,2019-04
1005,10,05,鹿島,0.08,-0.17952,0.16,0.24096,2019-04
1006,10,06,鹿島,0.2,0.4512,0.12,0.03072,2019-04
1007,10,07,鹿島,0.11,-0.02184,0.09,-0.12696,2019-04
1008,10,08,鹿島,0.14,0.13584,0.15,0.1884,2019-04
1009,10,09,鹿島,0.11,-0.02184,0.12,0.03072,2019-04
1010,10,10,鹿島,0.13,0.08328,0.09,-0.12696,2019-04
1011,10,11,鹿島,0.1,-0.0744,0.11,-0.02184,2019-04
1012,10,12,鹿島,0.07,-0.23208,0.07,-0.23208,2019-04
1013,10,13,鹿島,0.11,-0.02184,0.08,-0.17952,2019-04
1014,10,14,鹿島,0.08,-0.17952,0.1,-0.0744,2019-04
1015,10,15,原町,0.12,0.03072,0.14,0.13584,2019-04
1016,10,16,原町,0.17,0.29352,0.17,0.29352,2019-04
1017,10,17,原町,0.11,-0.02184,0.14,0.13584,2019-04
1018,10,18,原町,0.09,-0.12696,0.13,0.08328,2019-04
1019,10,19,原町,0.18,0.34608,0.18,0.34608,2019-04
1020,10,20,原町,0.14,0.13584,0.12,0.03072,2019-04
1021,10,21,原町,0.11,-0.02184,0.17,0.29352,2019-04
1022,10,22,原町,0.13,0.08328,0.18,0.34608,2019-04
1023,10,23,原町,0.18,0.34608,0.2,0.4512,2019-04
1024,10,24,原町,0.12,0.03072,0.14,0.13584,2019-04
1025,10,25,原町,0.15,0.1884,0.16,0.24096,2019-04
1026,10,26,原町,0.32,1.08192,0.16,0.24096,2019-04
1027,10,27,原町,0.09,-0.12696,0.16,0.24096,2019-04
1028,10,28,原町,0.15,0.1884,0.12,0.03072,2019-04
1031,10,31,原町,0.12,0.03072,0.15,0.1884,2019-04
1032,10,32,原町,0.13,0.08328,0.13,0.08328,2019-04
1033,10,33,原町,0.15,0.1884,0.12,0.03072,2019-04
1034,10,34,原町,0.16,0.24096,0.15,0.1884,2019-04
1035,10,35,原町,0.11,-0.02184,0.13,0.08328,2019-04
1036,10,36,原町,0.13,0.08328,0.22,0.55632,2019-04
1037,10,37,原町,0.22,0.55632,0.13,0.08328,2019-04
1038,10,38,原町,0.13,0.08328,0.11,-0.02184,2019-04
1039,10,39,小高,0.21,0.50376,0.16,0.24096,2019-04
1040,10,40,小高,0.11,-0.02184,0.13,0.08328,2019-04
1041,10,41,小高,0.13,0.08328,0.13,0.08328,2019-04
1042,10,42,小高,0.14,0.13584,0.14,0.13584,2019-04
1043,10,43,小高,0.1,-0.0744,0.14,0.13584,2019-04
1044,10,44,小高,0.2,0.4512,0.16,0.24096,2019-04
1045,10,45,小高,0.18,0.34608,0.17,0.29352,2019-04
1048,10,48,小高,0.48,1.92288,0.34,1.18704,2019-04
1049,10,49,小高,0.13,0.08328,0.17,0.29352,2019-04
1050,10,50,小高,0.12,0.03072,0.15,0.1884,2019-04
1051,10,51,小高,0.18,0.34608,0.21,0.50376,2019-04
1052,10,52,小高,0.12,0.03072,0.15,0.1884,2019-04
1103,11,03,鹿島,0.11,-0.02184,0.11,-0.02184,2019-04
1104,11,04,鹿島,0.1,-0.0744,0.1,-0.0744,2019-04
1105,11,05,鹿島,0.09,-0.12696,0.13,0.08328,2019-04
1106,11,06,鹿島,0.12,0.03072,0.09,-0.12696,2019-04
1107,11,07,鹿島,0.16,0.24096,0.18,0.34608,2019-04
1108,11,08,鹿島,0.09,-0.12696,0.05,-0.3372,2019-04
1109,11,09,鹿島,0.13,0.08328,0.12,0.03072,2019-04
1110,11,10,鹿島,0.09,-0.12696,0.09,-0.12696,2019-04
1111,11,11,鹿島,0.11,-0.02184,0.09,-0.12696,2019-04
1112,11,12,鹿島,0.12,0.03072,0.12,0.03072,2019-04
1113,11,13,鹿島,0.12,0.03072,0.1,-0.0744,2019-04
1114,11,14,鹿島,0.09,-0.12696,0.1,-0.0744,2019-04
1115,11,15,原町,0.14,0.13584,0.2,0.4512,2019-04
1116,11,16,原町,0.13,0.08328,0.16,0.24096,2019-04
1117,11,17,原町,0.18,0.34608,0.16,0.24096,2019-04
1118,11,18,原町,0.11,-0.02184,0.1,-0.0744,2019-04
1119,11,19,原町,0.1,-0.0744,0.15,0.1884,2019-04
1120,11,20,原町,0.12,0.03072,0.21,0.50376,2019-04
1121,11,21,原町,0.13,0.08328,0.13,0.08328,2019-04
1122,11,22,原町,0.1,-0.0744,0.13,0.08328,2019-04
1123,11,23,原町,0.16,0.24096,0.16,0.24096,2019-04
1124,11,24,原町,0.13,0.08328,0.12,0.03072,2019-04
1125,11,25,原町,0.13,0.08328,0.11,-0.02184,2019-04
1126,11,26,原町,0.14,0.13584,0.15,0.1884,2019-04
1127,11,27,原町,0.11,-0.02184,0.11,-0.02184,2019-04
1128,11,28,原町,0.13,0.08328,0.13,0.08328,2019-04
1129,11,29,原町,0.14,0.13584,0.17,0.29352,2019-04
1130,11,30,原町,0.16,0.24096,0.15,0.1884,2019-04
1131,11,31,原町,0.12,0.03072,0.17,0.29352,2019-04
1132,11,32,原町,0.17,0.29352,0.12,0.03072,2019-04
1133,11,33,原町,0.13,0.08328,0.15,0.1884,2019-04
1134,11,34,原町,0.16,0.24096,0.14,0.13584,2019-04
1135,11,35,原町,0.15,0.1884,0.16,0.24096,2019-04
1136,11,36,原町,0.18,0.34608,0.16,0.24096,2019-04
1137,11,37,原町,0.19,0.39864,0.12,0.03072,2019-04
1138,11,38,原町,0.19,0.39864,0.14,0.13584,2019-04
1139,11,39,小高,0.17,0.29352,0.17,0.29352,2019-04
1140,11,40,小高,0.19,0.39864,0.14,0.13584,2019-04
1141,11,41,小高,0.13,0.08328,0.09,-0.12696,2019-04
1142,11,42,小高,0.12,0.03072,0.11,-0.02184,2019-04
1143,11,43,小高,0.13,0.08328,0.12,0.03072,2019-04
1144,11,44,小高,0.23,0.60888,0.17,0.29352,2019-04
1145,11,45,小高,0.14,0.13584,0.13,0.08328,2019-04
1146,11,46,小高,0.15,0.1884,0.1,-0.0744,2019-04
1147,11,47,小高,0.18,0.34608,0.18,0.34608,2019-04
1148,11,48,小高,0.17,0.29352,0.14,0.13584,2019-04
1149,11,49,小高,0.12,0.03072,0.12,0.03072,2019-04
1150,11,50,小高,0.12,0.03072,0.1,-0.0744,2019-04
1151,11,51,小高,0.12,0.03072,0.08,-0.17952,2019-04
1152,11,52,小高,0.3,0.9768,0.37,1.34472,2019-04
1203,12,03,鹿島,0.16,0.24096,0.1,-0.0744,2019-04
1204,12,04,鹿島,0.12,0.03072,0.13,0.08328,2019-04
1205,12,05,鹿島,0.16,0.24096,0.1,-0.0744,2019-04
1206,12,06,鹿島,0.11,-0.02184,0.16,0.24096,2019-04
1207,12,07,鹿島,0.07,-0.23208,0.19,0.39864,2019-04
1208,12,08,鹿島,0.1,-0.0744,0.1,-0.0744,2019-04
1209,12,09,鹿島,0.21,0.50376,0.12,0.03072,2019-04
1210,12,10,鹿島,0.16,0.24096,0.16,0.24096,2019-04
1211,12,11,鹿島,0.11,-0.02184,0.08,-0.17952,2019-04
1212,12,12,鹿島,0.11,-0.02184,0.09,-0.12696,2019-04
1213,12,13,鹿島,0.12,0.03072,0.12,0.03072,2019-04
1214,12,14,鹿島,0.08,-0.17952,0.09,-0.12696,2019-04
1215,12,15,原町,0.11,-0.02184,0.14,0.13584,2019-04
1216,12,16,原町,0.19,0.39864,0.13,0.08328,2019-04
1217,12,17,原町,0.13,0.08328,0.16,0.24096,2019-04
1218,12,18,原町,0.2,0.4512,0.1,-0.0744,2019-04
1219,12,19,原町,0.13,0.08328,0.14,0.13584,2019-04
1220,12,20,原町,0.12,0.03072,0.12,0.03072,2019-04
1221,12,21,原町,0.12,0.03072,0.15,0.1884,2019-04
1222,12,22,原町,0.12,0.03072,0.14,0.13584,2019-04
1223,12,23,原町,0.13,0.08328,0.14,0.13584,2019-04
1224,12,24,原町,0.13,0.08328,0.16,0.24096,2019-04
1225,12,25,原町,0.14,0.13584,0.15,0.1884,2019-04
1226,12,26,原町,0.12,0.03072,0.12,0.03072,2019-04
1227,12,27,原町,0.14,0.13584,0.15,0.1884,2019-04
1228,12,28,原町,0.15,0.1884,0.15,0.1884,2019-04
1229,12,29,原町,0.19,0.39864,0.17,0.29352,2019-04
1230,12,30,原町,0.12,0.03072,0.13,0.08328,2019-04
1231,12,31,原町,0.11,-0.02184,0.13,0.08328,2019-04
1232,12,32,原町,0.16,0.24096,0.18,0.34608,2019-04
1233,12,33,原町,0.23,0.60888,0.17,0.29352,2019-04
1234,12,34,原町,0.17,0.29352,0.19,0.39864,2019-04
1235,12,35,原町,0.15,0.1884,0.16,0.24096,2019-04
1236,12,36,原町,0.13,0.08328,0.16,0.24096,2019-04
1237,12,37,原町,0.34,1.18704,0.22,0.55632,2019-04
1238,12,38,原町,0.18,0.34608,0.19,0.39864,2019-04
1239,12,39,小高,0.16,0.24096,0.14,0.13584,2019-04
1240,12,40,小高,0.21,0.50376,0.09,-0.12696,2019-04
1241,12,41,小高,0.11,-0.02184,0.11,-0.02184,2019-04
1242,12,42,小高,0.13,0.08328,0.13,0.08328,2019-04
1243,12,43,小高,0.15,0.1884,0.18,0.34608,2019-04
1244,12,44,小高,0.17,0.29352,0.23,0.60888,2019-04
1245,12,45,小高,0.15,0.1884,0.16,0.24096,2019-04
1247,12,47,小高,0.19,0.39864,0.23,0.60888,2019-04
1248,12,48,小高,0.14,0.13584,0.09,-0.12696,2019-04
1249,12,49,小高,0.33,1.13448,0.22,0.55632,2019-04
1250,12,50,小高,0.21,0.50376,0.26,0.76656,2019-04
1251,12,51,小高,0.24,0.66144,0.18,0.34608,2019-04
1252,12,52,小高,0.27,0.81912,0.2,0.4512,2019-04
1302,13,02,鹿島,0.1,-0.0744,0.07,-0.23208,2019-04
1303,13,03,鹿島,0.12,0.03072,0.08,-0.17952,2019-04
1304,13,04,鹿島,0.14,0.13584,0.21,0.50376,2019-04
1305,13,05,鹿島,0.12,0.03072,0.12,0.03072,2019-04
1306,13,06,鹿島,0.2,0.4512,0.19,0.39864,2019-04
1307,13,07,鹿島,0.14,0.13584,0.1,-0.0744,2019-04
1308,13,08,鹿島,0.17,0.29352,0.11,-0.02184,2019-04
1309,13,09,鹿島,0.14,0.13584,0.15,0.1884,2019-04
1310,13,10,鹿島,0.12,0.03072,0.18,0.34608,2019-04
1311,13,11,鹿島,0.1,-0.0744,0.13,0.08328,2019-04
1312,13,12,鹿島,0.13,0.08328,0.15,0.1884,2019-04
1313,13,13,鹿島,0.1,-0.0744,0.13,0.08328,2019-04
1314,13,14,鹿島,0.2,0.4512,0.18,0.34608,2019-04
1315,13,15,原町,0.17,0.29352,0.14,0.13584,2019-04
1316,13,16,原町,0.14,0.13584,0.13,0.08328,2019-04
1317,13,17,原町,0.26,0.76656,0.23,0.60888,2019-04
1318,13,18,原町,0.11,-0.02184,0.14,0.13584,2019-04
1319,13,19,原町,0.16,0.24096,0.17,0.29352,2019-04
1320,13,20,原町,0.18,0.34608,0.08,-0.17952,2019-04
1321,13,21,原町,0.18,0.34608,0.16,0.24096,2019-04
1322,13,22,原町,0.11,-0.02184,0.1,-0.0744,2019-04
1323,13,23,原町,0.14,0.13584,0.13,0.08328,2019-04
1324,13,24,原町,0.14,0.13584,0.14,0.13584,2019-04
1325,13,25,原町,0.16,0.24096,0.12,0.03072,2019-04
1326,13,26,原町,0.24,0.66144,0.15,0.1884,2019-04
1327,13,27,原町,0.15,0.1884,0.15,0.1884,2019-04
1328,13,28,原町,0.16,0.24096,0.17,0.29352,2019-04
1329,13,29,原町,0.14,0.13584,0.15,0.1884,2019-04
1330,13,30,原町,0.15,0.1884,0.2,0.4512,2019-04
1331,13,31,原町,0.1,-0.0744,0.13,0.08328,2019-04
1332,13,32,原町,0.2,0.4512,0.27,0.81912,2019-04
1333,13,33,原町,0.15,0.1884,0.15,0.1884,2019-04
1334,13,34,原町,0.19,0.39864,0.18,0.34608,2019-04
1335,13,35,原町,0.2,0.4512,0.16,0.24096,2019-04
1336,13,36,原町,0.25,0.714,0.22,0.55632,2019-04
1337,13,37,原町,0.25,0.714,0.17,0.29352,2019-04
1338,13,38,小高,0.15,0.1884,0.18,0.34608,2019-04
1339,13,39,小高,0.17,0.29352,0.16,0.24096,2019-04
1340,13,40,小高,0.11,-0.02184,0.16,0.24096,2019-04
1341,13,41,小高,0.14,0.13584,0.11,-0.02184,2019-04
1342,13,42,小高,0.22,0.55632,0.18,0.34608,2019-04
1343,13,43,小高,0.17,0.29352,0.14,0.13584,2019-04
1344,13,44,小高,0.17,0.29352,0.22,0.55632,2019-04
1345,13,45,小高,0.16,0.24096,0.22,0.55632,2019-04
1346,13,46,小高,0.12,0.03072,0.15,0.1884,2019-04
1349,13,49,小高,0.18,0.34608,0.22,0.55632,2019-04
1350,13,50,小高,0.15,0.1884,0.37,1.34472,2019-04
1351,13,51,小高,0.18,0.34608,0.18,0.34608,2019-04
1402,14,02,鹿島,0.09,-0.12696,0.15,0.1884,2019-04
1403,14,03,鹿島,0.11,-0.02184,0.13,0.08328,2019-04
1404,14,04,鹿島,0.12,0.03072,0.1,-0.0744,2019-04
1405,14,05,鹿島,0.13,0.08328,0.15,0.1884,2019-04
1406,14,06,鹿島,0.21,0.50376,0.17,0.29352,2019-04
1407,14,07,鹿島,0.19,0.39864,0.2,0.4512,2019-04
1408,14,08,鹿島,0.17,0.29352,0.17,0.29352,2019-04
1409,14,09,鹿島,0.1,-0.0744,0.16,0.24096,2019-04
1410,14,10,鹿島,0.14,0.13584,0.1,-0.0744,2019-04
1411,14,11,鹿島,0.15,0.1884,0.13,0.08328,2019-04
1412,14,12,鹿島,0.1,-0.0744,0.1,-0.0744,2019-04
1413,14,13,鹿島,0.17,0.29352,0.14,0.13584,2019-04
1414,14,14,鹿島,0.2,0.4512,0.14,0.13584,2019-04
1415,14,15,原町,0.09,-0.12696,0.14,0.13584,2019-04
1416,14,16,原町,0.29,0.92424,0.15,0.1884,2019-04
1417,14,17,原町,0.18,0.34608,0.17,0.29352,2019-04
1418,14,18,原町,0.13,0.08328,0.13,0.08328,2019-04
1419,14,19,原町,0.08,-0.17952,0.14,0.13584,2019-04
1420,14,20,原町,0.13,0.08328,0.13,0.08328,2019-04
1421,14,21,原町,0.18,0.34608,0.16,0.24096,2019-04
1422,14,22,原町,0.17,0.29352,0.13,0.08328,2019-04
1423,14,23,原町,0.16,0.24096,0.14,0.13584,2019-04
1424,14,24,原町,0.17,0.29352,0.17,0.29352,2019-04
1425,14,25,原町,0.2,0.4512,0.12,0.03072,2019-04
1426,14,26,原町,0.21,0.50376,0.15,0.1884,2019-04
1427,14,27,原町,0.15,0.1884,0.1,-0.0744,2019-04
1428,14,28,原町,0.13,0.08328,0.17,0.29352,2019-04
1429,14,29,原町,0.16,0.24096,0.13,0.08328,2019-04
1430,14,30,原町,0.15,0.1884,0.14,0.13584,2019-04
1431,14,31,原町,0.14,0.13584,0.13,0.08328,2019-04
1432,14,32,原町,0.13,0.08328,0.13,0.08328,2019-04
1433,14,33,原町,0.1,0.13,0.13,0.08328,2019-04
1434,14,34,原町,0.14,0.13584,0.14,0.13584,2019-04
1435,14,35,原町,0.14,0.13584,0.15,0.1884,2019-04
1436,14,36,原町,0.17,0.29352,0.16,0.24096,2019-04
1437,14,37,原町,0.17,0.29352,0.22,0.55632,2019-04
1438,14,38,小高,0.16,0.24096,0.15,0.1884,2019-04
1439,14,39,小高,0.16,0.24096,0.16,0.24096,2019-04
1440,14,40,小高,0.17,0.29352,0.13,0.08328,2019-04
1441,14,41,小高,0.11,-0.02184,0.2,0.4512,2019-04
1442,14,42,小高,0.18,0.34608,0.18,0.34608,2019-04
1443,14,43,小高,0.15,0.1884,0.1,-0.0744,2019-04
1444,14,44,小高,0.18,0.34608,0.18,0.34608,2019-04
1445,14,45,小高,0.17,0.29352,0.17,0.29352,2019-04
1446,14,46,小高,0.2,0.4512,0.2,0.4512,2019-04
1449,14,49,小高,0.1,-0.0744,0.23,0.60888,2019-04
1450,14,50,小高,0.24,0.66144,0.21,0.50376,2019-04
1451,14,51,小高,0.72,3.18432,1.1,5.1816,2019-04
1502,15,02,鹿島,0.13,0.08328,0.13,0.08328,2019-04
1503,15,03,鹿島,0.15,0.1884,0.12,0.03072,2019-04
1504,15,04,鹿島,0.18,0.34608,0.14,0.13584,2019-04
1505,15,05,鹿島,0.19,0.39864,0.14,0.13584,2019-04
1506,15,06,鹿島,0.11,-0.02184,0.15,0.1884,2019-04
1507,15,07,鹿島,0.15,0.1884,0.09,-0.12696,2019-04
1508,15,08,鹿島,0.14,0.13584,0.15,0.1884,2019-04
1509,15,09,鹿島,0.09,-0.12696,0.13,0.08328,2019-04
1510,15,10,鹿島,0.2,0.4512,0.16,0.24096,2019-04
1511,15,11,鹿島,0.08,-0.17952,0.17,0.29352,2019-04
1512,15,12,鹿島,0.25,0.714,0.19,0.39864,2019-04
1513,15,13,鹿島,0.12,0.03072,0.14,0.13584,2019-04
1514,15,14,鹿島,0.13,0.08328,0.14,0.13584,2019-04
1515,15,15,原町,0.12,0.03072,0.13,0.08328,2019-04
1516,15,16,原町,0.12,0.03072,0.13,0.08328,2019-04
1517,15,17,原町,0.13,0.08328,0.17,0.29352,2019-04
1518,15,18,原町,0.18,0.34608,0.15,0.1884,2019-04
1519,15,19,原町,0.14,0.13584,0.18,0.34608,2019-04
1520,15,20,原町,0.12,0.03072,0.13,0.08328,2019-04
1521,15,21,原町,0.14,0.13584,0.14,0.13584,2019-04
1522,15,22,原町,0.16,0.24096,0.13,0.08328,2019-04
1523,15,23,原町,0.14,0.13584,0.11,-0.02184,2019-04
1524,15,24,原町,0.16,0.24096,0.12,0.03072,2019-04
1525,15,25,原町,0.14,0.13584,0.14,0.13584,2019-04
1526,15,26,原町,0.11,-0.02184,0.13,0.08328,2019-04
1527,15,27,原町,0.18,0.34608,0.13,0.08328,2019-04
1528,15,28,原町,0.26,0.76656,0.2,0.4512,2019-04
1529,15,29,原町,0.14,0.13584,0.14,0.13584,2019-04
1530,15,30,原町,0.14,0.13584,0.23,0.60888,2019-04
1531,15,31,原町,0.12,0.03072,0.13,0.08328,2019-04
1532,15,32,原町,0.16,0.24096,0.16,0.24096,2019-04
1533,15,33,原町,0.2,0.4512,0.17,0.29352,2019-04
1534,15,34,原町,0.15,0.1884,0.23,0.60888,2019-04
1535,15,35,原町,0.31,1.02936,0.23,0.60888,2019-04
1536,15,36,原町,0.17,0.29352,0.21,0.50376,2019-04
1537,15,37,原町,0.14,0.13584,0.17,0.29352,2019-04
1538,15,38,小高,0.18,0.34608,0.22,0.55632,2019-04
1539,15,39,小高,0.18,0.34608,0.2,0.4512,2019-04
1540,15,40,小高,0.1,-0.0744,0.1,-0.0744,2019-04
1541,15,41,小高,0.14,0.13584,0.19,0.39864,2019-04
1542,15,42,小高,0.18,0.34608,0.16,0.24096,2019-04
1543,15,43,小高,0.1,-0.0744,0.13,0.08328,2019-04
1544,15,44,小高,0.2,0.4512,0.2,0.4512,2019-04
1545,15,45,小高,0.2,0.4512,0.17,0.29352,2019-04
1546,15,46,小高,0.2,0.4512,0.31,1.02936,2019-04
1549,15,49,小高,0.14,0.13584,0.15,0.1884,2019-04
1550,15,50,小高,0.51,2.08056,0.48,1.92288,2019-04
1601,16,01,鹿島,0.17,0.29352,0.16,0.24096,2019-04
1602,16,02,鹿島,0.14,0.13584,0.15,0.1884,2019-04
1603,16,03,鹿島,0.21,0.50376,0.16,0.24096,2019-04
1604,16,04,鹿島,0.06,-0.28464,0.08,-0.17952,2019-04
1605,16,05,鹿島,0.12,0.03072,0.19,0.39864,2019-04
1606,16,06,鹿島,0.16,0.24096,0.14,0.13584,2019-04
1607,16,07,鹿島,0.11,-0.02184,0.19,0.39864,2019-04
1608,16,08,鹿島,0.13,0.08328,0.14,0.13584,2019-04
1609,16,09,鹿島,0.15,0.1884,0.17,0.29352,2019-04
1610,16,10,鹿島,0.13,0.08328,0.14,0.13584,2019-04
1611,16,11,鹿島,0.13,0.08328,0.11,-0.02184,2019-04
1612,16,12,鹿島,0.22,0.55632,0.19,0.39864,2019-04
1613,16,13,鹿島,0.17,0.29352,0.18,0.34608,2019-04
1614,16,14,鹿島,0.16,0.24096,0.18,0.34608,2019-04
1615,16,15,原町,0.19,0.39864,0.13,0.08328,2019-04
1618,16,18,原町,0.18,0.34608,0.15,0.1884,2019-04
1619,16,19,原町,0.12,0.03072,0.16,0.24096,2019-04
1620,16,20,原町,0.17,0.29352,0.14,0.13584,2019-04
1621,16,21,原町,0.26,0.76656,0.19,0.39864,2019-04
1622,16,22,原町,0.1,-0.0744,0.08,-0.17952,2019-04
1623,16,23,原町,0.22,0.55632,0.18,0.34608,2019-04
1624,16,24,原町,0.16,0.24096,0.15,0.1884,2019-04
1625,16,25,原町,0.17,0.29352,0.2,0.4512,2019-04
1626,16,26,原町,0.11,-0.02184,0.15,0.1884,2019-04
1627,16,27,原町,0.16,0.24096,0.14,0.13584,2019-04
1628,16,28,原町,0.16,0.24096,0.18,0.34608,2019-04
1629,16,29,原町,0.19,0.39864,0.13,0.08328,2019-04
1630,16,30,原町,0.13,0.08328,0.16,0.24096,2019-04
1631,16,31,原町,0.13,0.08328,0.14,0.13584,2019-04
1632,16,32,原町,0.18,0.51,0.16,0.24096,2019-04
1633,16,33,原町,0.28,0.87168,0.13,0.08328,2019-04
1634,16,34,原町,0.16,0.24096,0.18,0.34608,2019-04
1635,16,35,原町,0.16,0.24096,0.14,0.13584,2019-04
1637,16,37,原町,0.16,0.24096,0.13,0.08328,2019-04
1638,16,38,小高,0.16,0.24096,0.16,0.24096,2019-04
1639,16,39,小高,0.17,0.29352,0.18,0.34608,2019-04
1640,16,40,小高,0.21,0.50376,0.21,0.50376,2019-04
1641,16,41,小高,0.13,0.08328,0.15,0.1884,2019-04
1642,16,42,小高,0.16,0.24096,0.19,0.39864,2019-04
1643,16,43,小高,0.22,0.55632,0.23,0.60888,2019-04
1644,16,44,小高,0.34,1.18704,0.4,1.5024,2019-04
1645,16,45,小高,0.25,0.714,0.24,0.66144,2019-04
1646,16,46,小高,0.85,3.8676,0.58,2.44848,2019-04
1649,16,49,小高,0.35,1.2396,0.52,2.13312,2019-04
1650,16,50,小高,0.42,1.60752,0.56,2.34336,2019-04
1701,17,01,鹿島,0.1,-0.0744,0.08,-0.17952,2019-04
1702,17,02,鹿島,0.11,-0.02184,0.1,-0.0744,2019-04
1703,17,03,鹿島,0.11,-0.02184,0.12,0.03072,2019-04
1704,17,04,鹿島,0.1,-0.0744,0.12,0.03072,2019-04
1705,17,05,鹿島,0.12,0.03072,0.12,0.03072,2019-04
1706,17,06,鹿島,0.1,-0.0744,0.18,0.34608,2019-04
1707,17,07,鹿島,0.18,0.34608,0.18,0.34608,2019-04
1708,17,08,鹿島,0.1,-0.0744,0.15,0.1884,2019-04
1709,17,09,鹿島,0.14,0.13584,0.12,0.03072,2019-04
1710,17,10,鹿島,0.1,-0.0744,0.12,0.03072,2019-04
1711,17,11,鹿島,0.14,0.13584,0.15,0.1884,2019-04
1712,17,12,鹿島,0.17,0.29352,0.18,0.34608,2019-04
1713,17,13,鹿島,0.16,0.24096,0.18,0.34608,2019-04
1714,17,14,鹿島,0.13,0.08328,0.15,0.1884,2019-04
1715,17,15,原町,0.19,0.39864,0.18,0.34608,2019-04
1717,17,17,原町,0.12,0.03072,0.17,0.29352,2019-04
1718,17,18,原町,0.14,0.13584,0.16,0.24096,2019-04
1719,17,19,原町,0.16,0.24096,0.15,0.1884,2019-04
1720,17,20,原町,0.13,0.08328,0.18,0.34608,2019-04
1721,17,21,原町,0.2,0.4512,0.14,0.13584,2019-04
1722,17,22,原町,0.16,0.24096,0.1,-0.0744,2019-04
1723,17,23,原町,0.12,0.03072,0.1,-0.0744,2019-04
1724,17,24,原町,0.28,0.87168,0.14,0.13584,2019-04
1725,17,25,原町,0.15,0.1884,0.14,0.13584,2019-04
1726,17,26,原町,0.13,0.08328,0.13,0.08328,2019-04
1727,17,27,原町,0.14,0.13584,0.16,0.24096,2019-04
1728,17,28,原町,0.16,0.24096,0.14,0.13584,2019-04
1729,17,29,原町,0.15,0.1884,0.13,0.08328,2019-04
1730,17,30,原町,0.14,0.13584,0.18,0.34608,2019-04
1731,17,31,原町,0.13,0.08328,0.16,0.24096,2019-04
1732,17,32,原町,0.13,0.08328,0.13,0.08328,2019-04
1733,17,33,原町,0.12,0.03072,0.19,0.39864,2019-04
1734,17,34,原町,0.38,1.39728,0.21,0.50376,2019-04
1735,17,35,原町,0.24,0.66144,0.27,0.81912,2019-04
1737,17,37,原町,0.29,0.92424,0.22,0.55632,2019-04
1738,17,38,小高,0.2,0.4512,0.17,0.29352,2019-04
1739,17,39,小高,0.47,1.87032,0.34,1.18704,2019-04
1740,17,40,小高,0.21,0.50376,0.22,0.55632,2019-04
1741,17,41,小高,0.45,1.7652,0.3,0.9768,2019-04
1742,17,42,小高,0.16,0.24096,0.25,0.714,2019-04
1743,17,43,小高,0.2,0.4512,0.3,0.9768,2019-04
1744,17,44,小高,0.24,0.66144,0.55,2.2908,2019-04
1745,17,45,小高,0.19,0.39864,0.38,1.39728,2019-04
1746,17,46,小高,0.25,0.714,0.27,0.81912,2019-04
1747,17,47,小高,0.32,1.08192,0.54,2.23824,2019-04
1748,17,48,小高,0.81,3.65736,0.72,3.18432,2019-04
1749,17,49,小高,0.22,0.55632,0.19,0.39864,2019-04
1801,18,01,鹿島,0.1,-0.0744,0.1,-0.0744,2019-04
1802,18,02,鹿島,0.21,0.50376,0.13,0.08328,2019-04
1803,18,03,鹿島,0.18,0.34608,0.17,0.29352,2019-04
1804,18,04,鹿島,0.18,0.34608,0.18,0.34608,2019-04
1805,18,05,鹿島,0.13,0.08328,0.11,-0.02184,2019-04
1806,18,06,鹿島,0.16,0.24096,0.13,0.08328,2019-04
1807,18,07,鹿島,0.14,0.13584,0.21,0.50376,2019-04
1808,18,08,鹿島,0.21,0.50376,0.12,0.03072,2019-04
1809,18,09,鹿島,0.14,0.13584,0.15,0.1884,2019-04
1810,18,10,鹿島,0.12,0.03072,0.13,0.08328,2019-04
1811,18,11,鹿島,0.12,0.03072,0.17,0.29352,2019-04
1812,18,12,鹿島,0.16,0.24096,0.11,-0.02184,2019-04
1813,18,13,鹿島,0.12,0.03072,0.13,0.08328,2019-04
1814,18,14,鹿島,0.17,0.29352,0.21,0.50376,2019-04
1815,18,15,原町,0.12,0.03072,0.15,0.1884,2019-04
1816,18,16,原町,0.13,0.08328,0.14,0.13584,2019-04
1817,18,17,原町,0.14,0.13584,0.17,0.29352,2019-04
1818,18,18,原町,0.12,0.03072,0.14,0.13584,2019-04
1819,18,19,原町,0.25,0.714,0.24,0.66144,2019-04
1820,18,20,原町,0.14,0.13584,0.14,0.13584,2019-04
1821,18,21,原町,0.16,0.24096,0.14,0.13584,2019-04
1822,18,22,原町,0.17,0.29352,0.2,0.4512,2019-04
1823,18,23,原町,0.18,0.34608,0.11,-0.02184,2019-04
1824,18,24,原町,0.1,-0.0744,0.12,0.03072,2019-04
1825,18,25,原町,0.24,0.66144,0.11,-0.02184,2019-04
1826,18,26,原町,0.18,0.34608,0.18,0.34608,2019-04
1827,18,27,原町,0.17,0.29352,0.11,-0.02184,2019-04
1828,18,28,原町,0.15,0.1884,0.19,0.39864,2019-04
1829,18,29,原町,0.2,0.4512,0.14,0.13584,2019-04
1830,18,30,原町,0.15,0.1884,0.15,0.1884,2019-04
1831,18,31,原町,0.15,0.1884,0.28,0.87168,2019-04
1832,18,32,原町,0.18,0.34608,0.15,0.1884,2019-04
1833,18,33,原町,0.19,0.39864,0.28,0.87168,2019-04
1834,18,34,原町,0.23,0.60888,0.16,0.24096,2019-04
1835,18,35,原町,0.16,0.24096,0.21,0.50376,2019-04
1836,18,36,原町,0.22,0.55632,0.24,0.66144,2019-04
1837,18,37,原町,0.14,0.13584,0.2,0.4512,2019-04
1838,18,38,小高,0.2,0.4512,0.2,0.4512,2019-04
1839,18,39,小高,0.19,0.39864,0.24,0.66144,2019-04
1840,18,40,小高,0.21,0.50376,0.28,0.87168,2019-04
1841,18,41,小高,0.21,0.50376,0.22,0.55632,2019-04
1842,18,42,小高,0.19,0.39864,0.27,0.81912,2019-04
1843,18,43,小高,0.39,1.44984,0.29,0.92424,2019-04
1844,18,44,小高,0.38,1.39728,0.42,1.60752,2019-04
1845,18,45,小高,0.16,0.24096,0.19,0.39864,2019-04
1846,18,46,小高,0.14,0.13584,0.26,0.76656,2019-04
1847,18,47,小高,0.18,0.34608,0.21,0.50376,2019-04
1848,18,48,小高,0.86,3.92016,1.17,5.54952,2019-04
1849,18,49,小高,0.49,1.97544,0.55,2.2908,2019-04
1901,19,01,鹿島,0.12,0.03072,0.12,0.03072,2019-04
1902,19,02,鹿島,0.12,0.03072,0.13,0.08328,2019-04
1903,19,03,鹿島,0.21,0.50376,0.19,0.39864,2019-04
1904,19,04,鹿島,0.1,-0.0744,0.1,-0.0744,2019-04
1905,19,05,鹿島,0.14,0.13584,0.16,0.24096,2019-04
1906,19,06,鹿島,0.16,0.24096,0.19,0.39864,2019-04
1907,19,07,鹿島,0.1,-0.0744,0.12,0.03072,2019-04
1908,19,08,鹿島,0.09,-0.12696,0.14,0.13584,2019-04
1909,19,09,鹿島,0.13,0.08328,0.13,0.08328,2019-04
1910,19,10,鹿島,0.15,0.1884,0.14,0.13584,2019-04
1911,19,11,鹿島,0.11,-0.02184,0.2,0.4512,2019-04
1912,19,12,鹿島,0.43,1.66008,0.23,0.60888,2019-04
1913,19,13,鹿島,0.11,-0.02184,0.11,-0.02184,2019-04
1914,19,14,鹿島,0.17,0.29352,0.17,0.29352,2019-04
1915,19,15,原町,0.12,0.03072,0.16,0.24096,2019-04
1916,19,16,原町,0.24,0.66144,0.19,0.39864,2019-04
1917,19,17,原町,0.2,0.4512,0.18,0.34608,2019-04
1918,19,18,原町,0.12,0.03072,0.11,-0.02184,2019-04
1919,19,19,原町,0.1,-0.0744,0.15,0.1884,2019-04
1920,19,20,原町,0.16,0.24096,0.19,0.39864,2019-04
1921,19,21,原町,0.14,0.13584,0.2,0.4512,2019-04
1922,19,22,原町,0.11,-0.02184,0.18,0.34608,2019-04
1923,19,23,原町,0.22,0.55632,0.14,0.13584,2019-04
1924,19,24,原町,0.17,0.29352,0.16,0.24096,2019-04
1925,19,25,原町,0.17,0.29352,0.16,0.24096,2019-04
1926,19,26,原町,0.15,0.1884,0.1,-0.0744,2019-04
1927,19,27,原町,0.12,0.03072,0.16,0.24096,2019-04
1928,19,28,原町,0.16,0.24096,0.12,0.03072,2019-04
1929,19,29,原町,0.15,0.1884,0.14,0.13584,2019-04
1930,19,30,原町,0.14,0.13584,0.18,0.34608,2019-04
1931,19,31,原町,0.14,0.13584,0.16,0.24096,2019-04
1932,19,32,原町,0.19,0.39864,0.21,0.50376,2019-04
1933,19,33,原町,0.18,0.34608,0.16,0.24096,2019-04
1934,19,34,原町,0.26,0.76656,0.23,0.60888,2019-04
1936,19,36,原町,0.15,0.1884,0.23,0.60888,2019-04
1937,19,37,原町,0.24,0.66144,0.33,1.13448,2019-04
1938,19,38,小高,0.13,0.08328,0.08,-0.17952,2019-04
1939,19,39,小高,0.2,0.4512,0.22,0.55632,2019-04
1940,19,40,小高,0.16,0.24096,0.15,0.1884,2019-04
1941,19,41,小高,0.27,0.81912,0.23,0.60888,2019-04
1942,19,42,小高,0.36,1.29216,0.18,0.34608,2019-04
1943,19,43,小高,0.21,0.50376,0.34,1.18704,2019-04
1944,19,44,小高,0.27,0.81912,0.3,0.9768,2019-04
1945,19,45,小高,0.21,0.50376,0.33,1.13448,2019-04
1946,19,46,小高,0.23,0.60888,0.21,0.50376,2019-04
1947,19,47,小高,0.2,0.4512,0.27,0.81912,2019-04
1948,19,48,小高,0.18,0.34608,0.25,0.714,2019-04
1949,19,49,小高,0.22,0.55632,0.35,1.2396,2019-04
2001,20,01,鹿島,0.09,-0.12696,0.13,0.08328,2019-04
2002,20,02,鹿島,0.12,0.03072,0.14,0.13584,2019-04
2003,20,03,鹿島,0.15,0.1884,0.13,0.08328,2019-04
2004,20,04,鹿島,0.16,0.24096,0.16,0.24096,2019-04
2005,20,05,鹿島,0.15,0.1884,0.09,-0.12696,2019-04
2006,20,06,鹿島,0.23,0.60888,0.19,0.39864,2019-04
2007,20,07,鹿島,0.1,-0.0744,0.17,0.29352,2019-04
2008,20,08,鹿島,0.13,0.08328,0.18,0.34608,2019-04
2009,20,09,鹿島,0.18,0.34608,0.17,0.29352,2019-04
2010,20,10,鹿島,0.13,0.08328,0.16,0.24096,2019-04
2011,20,11,鹿島,0.14,0.13584,0.14,0.13584,2019-04
2012,20,12,鹿島,0.14,0.13584,0.16,0.24096,2019-04
2013,20,13,鹿島,0.15,0.1884,0.16,0.24096,2019-04
2014,20,14,鹿島,0.17,0.29352,0.2,0.4512,2019-04
2015,20,15,原町,0.15,0.1884,0.15,0.1884,2019-04
2016,20,16,原町,0.12,0.03072,0.17,0.29352,2019-04
2017,20,17,原町,0.16,0.24096,0.14,0.13584,2019-04
2018,20,18,原町,0.16,0.24096,0.16,0.24096,2019-04
2019,20,19,原町,0.1,-0.0744,0.16,0.24096,2019-04
2020,20,20,原町,0.2,0.4512,0.22,0.55632,2019-04
2021,20,21,原町,0.17,0.29352,0.16,0.24096,2019-04
2022,20,22,原町,0.19,0.39864,0.23,0.60888,2019-04
2023,20,23,原町,0.17,0.29352,0.19,0.39864,2019-04
2024,20,24,原町,0.2,0.4512,0.18,0.34608,2019-04
2025,20,25,原町,0.17,0.29352,0.16,0.24096,2019-04
2026,20,26,原町,0.12,0.03072,0.11,-0.02184,2019-04
2027,20,27,原町,0.13,0.08328,0.21,0.50376,2019-04
2028,20,28,原町,0.16,0.24096,0.15,0.1884,2019-04
2029,20,29,原町,0.15,0.1884,0.11,-0.02184,2019-04
2030,20,30,原町,0.19,0.39864,0.15,0.1884,2019-04
2031,20,31,原町,0.17,0.29352,0.15,0.1884,2019-04
2032,20,32,原町,0.27,0.81912,0.32,1.08192,2019-04
2033,20,33,原町,0.14,0.13584,0.17,0.29352,2019-04
2034,20,34,原町,0.52,2.13312,0.3,0.9768,2019-04
2035,20,35,原町,0.19,0.39864,0.22,0.55632,2019-04
2036,20,36,原町,0.18,0.34608,0.19,0.39864,2019-04
2037,20,37,原町,0.21,0.50376,0.14,0.13584,2019-04
2038,20,38,小高,0.14,0.13584,0.18,0.34608,2019-04
2039,20,39,小高,0.18,0.34608,0.21,0.50376,2019-04
2040,20,40,小高,0.3,0.9768,0.25,0.714,2019-04
2041,20,41,小高,0.27,0.81912,0.4,1.5024,2019-04
2042,20,42,小高,0.52,2.13312,0.44,1.71264,2019-04
2043,20,43,小高,0.72,3.18432,0.54,2.23824,2019-04
2044,20,44,小高,0.28,0.87168,0.26,0.76656,2019-04
2045,20,45,小高,0.3,0.9768,0.32,1.08192,2019-04
2046,20,46,小高,0.26,0.76656,0.28,0.87168,2019-04
2047,20,47,小高,0.34,1.18704,0.36,1.29216,2019-04
2048,20,48,小高,1.85,9.1236,1.19,5.65464,2019-04
2049,20,49,小高,0.31,1.02936,0.22,0.55632,2019-04
2101,21,01,鹿島,0.46,1.81776,0.19,0.39864,2019-04
2102,21,02,鹿島,0.13,0.08328,0.11,-0.02184,2019-04
2103,21,03,鹿島,0.15,0.1884,0.16,0.24096,2019-04
2104,21,04,鹿島,0.09,-0.12696,0.14,0.13584,2019-04
2105,21,05,鹿島,0.18,0.34608,0.12,0.03072,2019-04
2106,21,06,鹿島,0.12,0.03072,0.12,0.03072,2019-04
2107,21,07,鹿島,0.1,-0.0744,0.18,0.34608,2019-04
2108,21,08,鹿島,0.11,-0.02184,0.13,0.08328,2019-04
2109,21,09,鹿島,0.18,0.34608,0.14,0.13584,2019-04
2110,21,10,鹿島,0.12,0.03072,0.14,0.13584,2019-04
2111,21,11,鹿島,0.12,0.03072,0.14,0.13584,2019-04
2112,21,12,鹿島,0.1,-0.0744,0.17,0.29352,2019-04
2113,21,13,鹿島,0.13,0.08328,0.2,0.4512,2019-04
2114,21,14,鹿島,0.19,0.39864,0.2,0.4512,2019-04
2115,21,15,原町,0.14,0.13584,0.14,0.13584,2019-04
2116,21,16,原町,0.16,0.24096,0.14,0.13584,2019-04
2117,21,17,原町,0.23,0.60888,0.16,0.24096,2019-04
2118,21,18,原町,0.12,0.03072,0.17,0.29352,2019-04
2119,21,19,原町,0.21,0.50376,0.18,0.34608,2019-04
2120,21,20,原町,0.17,0.29352,0.14,0.13584,2019-04
2121,21,21,原町,0.29,0.92424,0.24,0.66144,2019-04
2122,21,22,原町,0.33,1.13448,0.21,0.50376,2019-04
2123,21,23,原町,0.22,0.55632,0.21,0.50376,2019-04
2124,21,24,原町,0.21,0.50376,0.26,0.76656,2019-04
2125,21,25,原町,0.15,0.1884,0.12,0.03072,2019-04
2126,21,26,原町,0.19,0.39864,0.19,0.39864,2019-04
2127,21,27,原町,0.17,0.29352,0.2,0.4512,2019-04
2128,21,28,原町,0.14,0.13584,0.15,0.1884,2019-04
2129,21,29,原町,0.17,0.29352,0.16,0.24096,2019-04
2130,21,30,原町,0.16,0.24096,0.2,0.4512,2019-04
2131,21,31,原町,0.22,0.55632,0.19,0.39864,2019-04
2132,21,32,原町,0.19,0.39864,0.18,0.34608,2019-04
2133,21,33,原町,0.14,0.13584,0.17,0.29352,2019-04
2134,21,34,原町,0.43,1.66008,0.26,0.76656,2019-04
2135,21,35,原町,0.15,0.1884,0.21,0.50376,2019-04
2136,21,36,原町,0.34,1.18704,0.45,1.7652,2019-04
2137,21,37,原町,0.23,0.60888,0.32,1.08192,2019-04
2138,21,38,小高,0.21,0.50376,0.16,0.24096,2019-04
2139,21,39,小高,0.15,0.1884,0.27,0.81912,2019-04
2140,21,40,小高,0.21,0.50376,0.27,0.81912,2019-04
2141,21,41,小高,0.15,0.1884,0.12,0.03072,2019-04
2142,21,42,小高,0.19,0.39864,0.19,0.39864,2019-04
2143,21,43,小高,0.22,0.55632,0.23,0.60888,2019-04
2144,21,44,小高,0.19,0.39864,0.32,1.08192,2019-04
2145,21,45,小高,0.32,1.08192,0.39,1.44984,2019-04
2146,21,46,小高,0.27,0.81912,0.3,0.9768,2019-04
2147,21,47,小高,0.24,0.66144,0.22,0.55632,2019-04
2148,21,48,小高,1.62,7.91472,1.18,5.60208,2019-04
2202,22,02,鹿島,0.16,0.24096,0.11,-0.02184,2019-04
2203,22,03,鹿島,0.17,0.29352,0.17,0.29352,2019-04
2204,22,04,鹿島,0.11,-0.02184,0.17,0.29352,2019-04
2205,22,05,鹿島,0.14,0.13584,0.1,-0.0744,2019-04
2206,22,06,鹿島,0.14,0.13584,0.12,0.03072,2019-04
2207,22,07,鹿島,0.13,0.08328,0.12,0.03072,2019-04
2208,22,08,鹿島,0.13,0.08328,0.13,0.08328,2019-04
2209,22,09,鹿島,0.2,0.4512,0.14,0.13584,2019-04
2210,22,10,鹿島,0.18,0.34608,0.2,0.4512,2019-04
2211,22,11,鹿島,0.13,0.08328,0.15,0.1884,2019-04
2212,22,12,鹿島,0.16,0.24096,0.14,0.13584,2019-04
2213,22,13,鹿島,0.14,0.13584,0.12,0.03072,2019-04
2214,22,14,鹿島,0.15,0.1884,0.14,0.13584,2019-04
2215,22,15,原町,0.1,-0.0744,0.11,-0.02184,2019-04
2216,22,16,原町,0.14,0.13584,0.19,0.39864,2019-04
2217,22,17,原町,0.18,0.34608,0.2,0.4512,2019-04
2218,22,18,原町,0.14,0.13584,0.13,0.08328,2019-04
2219,22,19,原町,0.16,0.24096,0.17,0.29352,2019-04
2220,22,20,原町,0.25,0.714,0.33,1.13448,2019-04
2221,22,21,原町,0.22,0.55632,0.3,0.9768,2019-04
2222,22,22,原町,0.18,0.34608,0.32,1.08192,2019-04
2223,22,23,原町,0.22,0.55632,0.27,0.81912,2019-04
2224,22,24,原町,0.29,0.92424,0.33,1.13448,2019-04
2225,22,25,原町,0.27,0.81912,0.23,0.60888,2019-04
2226,22,26,原町,0.13,0.08328,0.15,0.1884,2019-04
2227,22,27,原町,0.14,0.13584,0.1,-0.0744,2019-04
2228,22,28,原町,0.11,-0.02184,0.1,-0.0744,2019-04
2229,22,29,原町,0.18,0.34608,0.19,0.39864,2019-04
2230,22,30,原町,0.16,0.24096,0.17,0.29352,2019-04
2231,22,31,原町,0.3,0.9768,0.19,0.39864,2019-04
2232,22,32,原町,0.18,0.34608,0.14,0.13584,2019-04
2233,22,33,原町,0.31,1.02936,0.22,0.55632,2019-04
2234,22,34,原町,0.12,0.03072,0.34,1.18704,2019-04
2235,22,35,原町,0.15,0.1884,0.28,0.87168,2019-04
2236,22,36,原町,0.17,0.29352,0.19,0.39864,2019-04
2237,22,37,原町,0.19,0.39864,0.32,1.08192,2019-04
2238,22,38,小高,0.3,0.9768,0.27,0.81912,2019-04
2240,22,40,小高,0.21,0.50376,0.24,0.66144,2019-04
2241,22,41,小高,0.13,0.08328,0.15,0.1884,2019-04
2242,22,42,小高,0.23,0.60888,0.28,0.87168,2019-04
2243,22,43,小高,0.21,0.50376,0.27,0.81912,2019-04
2244,22,44,小高,0.18,0.34608,0.34,1.18704,2019-04
2245,22,45,小高,0.26,0.76656,0.27,0.81912,2019-04
2248,22,48,小高,0.34,1.18704,0.32,1.08192,2019-04
2302,23,02,鹿島,0.18,0.34608,0.09,-0.12696,2019-04
2303,23,03,鹿島,0.18,0.34608,0.12,0.03072,2019-04
2304,23,04,鹿島,0.15,0.1884,0.18,0.34608,2019-04
2305,23,05,鹿島,0.18,0.34608,0.2,0.4512,2019-04
2306,23,06,鹿島,0.15,0.1884,0.21,0.50376,2019-04
2307,23,07,鹿島,0.16,0.24096,0.14,0.13584,2019-04
2308,23,08,鹿島,0.23,0.60888,0.21,0.50376,2019-04
2309,23,09,鹿島,0.18,0.34608,0.2,0.4512,2019-04
2310,23,10,鹿島,0.2,0.4512,0.16,0.24096,2019-04
2313,23,13,鹿島,0.2,0.4512,0.14,0.13584,2019-04
2314,23,14,鹿島,0.25,0.714,0.16,0.24096,2019-04
2315,23,15,原町,0.15,0.1884,0.19,0.39864,2019-04
2316,23,16,原町,0.31,1.02936,0.23,0.60888,2019-04
2317,23,17,原町,0.3,0.9768,0.21,0.50376,2019-04
2318,23,18,原町,0.21,0.50376,0.23,0.60888,2019-04
2319,23,19,原町,0.15,0.1884,0.17,0.29352,2019-04
2320,23,20,原町,0.23,0.60888,0.26,0.76656,2019-04
2321,23,21,原町,0.17,0.29352,0.2,0.4512,2019-04
2322,23,22,原町,0.16,0.24096,0.26,0.76656,2019-04
2323,23,23,原町,0.18,0.34608,0.26,0.76656,2019-04
2324,23,24,原町,0.12,0.03072,0.19,0.39864,2019-04
2325,23,25,原町,0.26,0.76656,0.32,1.08192,2019-04
2326,23,26,原町,0.13,0.08328,0.16,0.24096,2019-04
2327,23,27,原町,0.22,0.55632,0.18,0.34608,2019-04
2328,23,28,原町,0.2,0.4512,0.23,0.60888,2019-04
2329,23,29,原町,0.25,0.714,0.19,0.39864,2019-04
2330,23,30,原町,0.14,0.13584,0.12,0.03072,2019-04
2331,23,31,原町,0.49,1.97544,0.32,1.08192,2019-04
2332,23,32,原町,0.17,0.29352,0.22,0.55632,2019-04
2333,23,33,原町,0.27,0.81912,0.23,0.60888,2019-04
2334,23,34,原町,0.28,0.87168,0.35,1.2396,2019-04
2335,23,35,原町,0.2,0.4512,0.31,1.02936,2019-04
2336,23,36,原町,0.21,0.50376,0.25,0.714,2019-04
2338,23,38,小高,0.3,0.9768,0.36,1.29216,2019-04
2341,23,41,小高,0.26,0.76656,0.4,1.5024,2019-04
2342,23,42,小高,,-0.6,,-0.6,2019-04
2343,23,43,小高,0.23,0.60888,0.23,0.60888,2019-04
2344,23,44,小高,0.52,2.13312,0.37,1.34472,2019-04
2348,23,48,小高,0.42,1.60752,0.38,1.39728,2019-04
2401,24,01,鹿島,0.11,-0.02184,0.15,0.1884,2019-04
2402,24,02,鹿島,0.15,0.1884,0.18,0.34608,2019-04
2403,24,03,鹿島,0.22,0.55632,0.22,0.55632,2019-04
2404,24,04,鹿島,0.19,0.39864,0.18,0.34608,2019-04
2405,24,05,鹿島,0.21,0.50376,0.19,0.39864,2019-04
2413,24,13,鹿島,0.2,0.4512,0.2,0.4512,2019-04
2414,24,14,鹿島,,-0.6,,-0.6,2019-04
2418,24,18,原町,0.2,0.4512,0.18,0.34608,2019-04
2419,24,19,原町,0.16,0.24096,0.12,0.03072,2019-04
2420,24,20,原町,0.17,0.29352,0.12,0.03072,2019-04
2423,24,23,原町,0.32,1.08192,0.29,0.92424,2019-04
2424,24,24,原町,0.53,2.18568,0.34,1.18704,2019-04
2425,24,25,原町,0.24,0.66144,0.2,0.4512,2019-04
2426,24,26,原町,0.22,0.55632,0.14,0.13584,2019-04
2427,24,27,原町,0.19,0.39864,0.16,0.24096,2019-04
2428,24,28,原町,0.29,0.92424,0.32,1.08192,2019-04
2430,24,30,原町,0.28,0.87168,0.33,1.13448,2019-04
2431,24,31,原町,0.25,0.714,0.22,0.55632,2019-04
2432,24,32,原町,0.13,0.08328,0.17,0.29352,2019-04
2433,24,33,原町,0.2,0.4512,0.23,0.60888,2019-04
2434,24,34,原町,0.34,1.18704,0.23,0.60888,2019-04
2435,24,35,原町,0.25,0.714,0.2,0.4512,2019-04
2438,24,38,小高,0.29,0.92424,0.43,1.66008,2019-04
2502,25,02,鹿島,0.18,0.34608,0.15,0.1884,2019-04
2503,25,03,鹿島,0.31,1.02936,0.19,0.39864,2019-04
2504,25,04,鹿島,0.13,0.08328,0.12,0.03072,2019-04
2505,25,05,鹿島,0.23,0.60888,0.16,0.24096,2019-04
2513,25,13,鹿島,0.2,0.4512,0.2,0.4512,2019-04
2514,25,14,鹿島,,-0.6,,-0.6,2019-04
2518,25,18,原町,0.17,0.29352,0.14,0.13584,2019-04
2519,25,19,原町,0.16,0.24096,0.14,0.13584,2019-04
2520,25,20,原町,0.2,0.4512,0.16,0.24096,2019-04
2525,25,25,原町,0.28,0.87168,0.3,0.9768,2019-04
2526,25,26,原町,0.21,0.50376,0.31,1.02936,2019-04
2527,25,27,原町,0.29,0.92424,0.33,1.13448,2019-04
2528,25,28,原町,0.29,0.92424,0.27,0.81912,2019-04
2529,25,29,原町,0.37,1.34472,0.35,1.2396,2019-04
2530,25,30,原町,0.2,0.4512,0.19,0.39864,2019-04
2532,25,32,原町,0.54,2.23824,0.59,2.50104,2019-04
2533,25,33,原町,0.4,1.5024,0.36,1.29216,2019-04
2534,25,34,原町,0.44,1.71264,0.45,1.7652,2019-04
2535,25,35,原町,0.38,1.39728,0.54,2.23824,2019-04
2604,26,04,鹿島,0.13,0.08328,0.16,0.24096,2019-04
2605,26,05,鹿島,0.16,0.24096,0.16,0.24096,2019-04
2613,26,13,鹿島,0.16,0.24096,0.11,-0.02184,2019-04
2614,26,14,鹿島,0.44,1.71264,0.33,1.13448,2019-04
2615,26,15,鹿島,,-0.6,,-0.6,2019-04
2618,26,18,原町,0.2,0.4512,0.18,0.34608,2019-04
2619,26,19,原町,0.21,0.50376,0.17,0.29352,2019-04
2620,26,20,原町,0.18,0.34608,0.17,0.29352,2019-04
2621,26,21,原町,0.24,0.66144,0.27,0.81912,2019-04
2622,26,22,原町,0.21,0.50376,0.24,0.66144,2019-04
2623,26,23,原町,0.22,0.55632,0.22,0.55632,2019-04
2624,26,24,原町,0.22,0.55632,0.23,0.60888,2019-04
2625,26,25,原町,0.23,0.60888,0.23,0.60888,2019-04
2626,26,26,原町,0.22,0.55632,0.22,0.55632,2019-04
2633,26,33,原町,0.56,2.34336,0.46,1.81776,2019-04
2634,26,34,原町,0.71,3.13176,1.1,5.1816,2019-04
2703,27,03,鹿島,0.19,0.39864,0.17,0.29352,2019-04
2704,27,04,鹿島,0.15,0.1884,0.13,0.08328,2019-04
2705,27,05,鹿島,0.23,0.60888,0.17,0.29352,2019-04
2713,27,13,鹿島,0.15,0.1884,0.13,0.08328,2019-04
2715,27,15,鹿島,0.21,0.50376,0.15,0.1884,2019-04
2717,27,17,原町,,-0.6,,-0.6,2019-04
2718,27,18,原町,0.16,0.24096,0.17,0.29352,2019-04
2719,27,19,原町,0.22,0.55632,0.19,0.39864,2019-04
2720,27,20,原町,0.2,0.4512,0.19,0.39864,2019-04
2721,27,21,原町,0.19,0.39864,0.18,0.34608,2019-04
2722,27,22,原町,0.24,0.66144,0.24,0.66144,2019-04
2726,27,26,原町,0.25,0.714,0.25,0.714,2019-04
2805,28,05,鹿島,0.15,0.1884,0.18,0.34608,2019-04
2806,28,06,鹿島,0.39,1.44984,0.23,0.60888,2019-04
2812,28,12,鹿島,0.22,0.55632,0.36,1.29216,2019-04
2813,28,13,鹿島,0.19,0.39864,0.14,0.13584,2019-04
2814,28,14,鹿島,0.27,0.81912,0.35,1.2396,2019-04
2816,28,16,原町,0.23,0.60888,0.21,0.50376,2019-04
2817,28,17,原町,0.21,0.50376,0.18,0.34608,2019-04
2818,28,18,原町,0.73,3.23688,0.33,1.13448,2019-04
2819,28,19,原町,0.21,0.50376,0.17,0.29352,2019-04
2821,28,21,原町,0.26,0.76656,0.24,0.66144,2019-04
2826,28,26,原町,0.33,1.13448,0.55,2.2908,2019-04
2836,28,36,原町,0.45,1.7652,0.64,2.76384,2019-04
2905,29,05,鹿島,0.12,0.03072,0.15,0.1884,2019-04
2906,29,06,鹿島,0.18,0.34608,0.15,0.1884,2019-04
2907,29,07,鹿島,0.15,0.1884,0.12,0.03072,2019-04
2908,29,08,鹿島,0.11,-0.02184,0.13,0.08328,2019-04
2911,29,11,鹿島,0.2,0.4512,0.27,0.81912,2019-04
2912,29,12,鹿島,0.24,0.66144,0.26,0.76656,2019-04
2913,29,13,鹿島,0.28,0.87168,0.18,0.34608,2019-04
2917,29,17,原町,0.29,0.92424,0.22,0.55632,2019-04
2918,29,18,原町,0.26,0.76656,0.22,0.55632,2019-04
2919,29,19,原町,0.23,0.60888,0.2,0.4512,2019-04
3004,30,04,鹿島,0.18,0.34608,0.18,0.34608,2019-04
3005,30,05,鹿島,0.21,0.50376,0.11,-0.02184,2019-04
3006,30,06,鹿島,0.2,0.4512,0.21,0.50376,2019-04
3007,30,07,鹿島,0.26,0.76656,0.25,0.714,2019-04
3008,30,08,鹿島,0.22,0.55632,0.2,0.4512,2019-04
3009,30,09,鹿島,0.28,0.87168,0.24,0.66144,2019-04
3010,30,10,鹿島,0.35,1.2396,0.28,0.87168,2019-04
3011,30,11,鹿島,0.36,1.29216,0.21,0.50376,2019-04
3013,30,13,鹿島,0.37,1.34472,0.27,0.81912,2019-04
3019,30,19,原町,0.22,0.55632,0.21,0.50376,2019-04
3039,30,39,原町,0.84,3.81504,0.9,4.1304,2019-04
3040,30,40,原町,0.7,3.0792,0.89,4.07784,2019-04
3104,31,04,鹿島,0.15,0.1884,0.14,0.13584,2019-04
3105,31,05,鹿島,0.22,0.55632,0.14,0.13584,2019-04
3106,31,06,鹿島,0.3,0.9768,0.21,0.50376,2019-04
3107,31,07,鹿島,0.17,0.29352,0.24,0.66144,2019-04
3114,31,14,鹿島,0.4,1.5024,0.28,0.87168,2019-04
3119,31,19,原町,0.23,0.60888,0.19,0.39864,2019-04
3204,32,04,鹿島,0.27,0.81912,0.24,0.66144,2019-04
3205,32,05,鹿島,0.18,0.34608,0.14,0.13584,2019-04
3206,32,06,鹿島,0.18,0.34608,0.23,0.60888,2019-04
3207,32,07,鹿島,0.33,1.13448,0.27,0.81912,2019-04
3214,32,14,鹿島,0.39,1.44984,0.23,0.60888,2019-04
3218,32,18,原町,0.25,0.714,0.2,0.4512,2019-04
3219,32,19,原町,0.89,4.07784,0.25,0.714,2019-04
3305,33,05,鹿島,0.25,0.714,0.17,0.29352,2019-04
3306,33,06,鹿島,0.78,3.49968,0.25,0.714,2019-04
3307,33,07,鹿島,0.33,1.13448,0.43,1.66008,2019-04
3315,33,15,鹿島,0.31,1.02936,0.2,0.4512,2019-04
3317,33,17,原町,0.22,0.55632,0.26,0.76656,2019-04
3407,34,07,鹿島,0.38,1.39728,0.43,1.66008,2019-04
3416,34,16,原町,0.27,0.81912,0.25,0.714,2019-04
3417,34,17,原町,0.27,0.81912,0.27,0.81912,2019-04
3507,35,07,鹿島,0.3,0.9768,0.25,0.714,2019-04
3607,36,07,鹿島,0.78,3.49968,0.45,1.7652,2019-04
3707,37,07,鹿島,0.44,1.71264,0.21,0.50376,2019-04
0256,02,56,浪江,0.17,0.29352,0.11,-0.02184,2019-04
0257,02,57,浪江,0.19,0.39864,0.14,0.13584,2019-04
0258,02,58,浪江,0.15,0.1884,0.13,0.08328,2019-04
0259,02,59,浪江,0.11,-0.02184,0.08,-0.17952,2019-04
0260,02,60,浪江,0.1,-0.0744,0.06,-0.28464,2019-04
0261,02,61,浪江,0.16,0.24096,0.12,0.03072,2019-04
0353,03,53,浪江,,-0.6,,-0.6,2019-04
0354,03,54,浪江,0.26,0.76656,0.24,0.66144,2019-04
0355,03,55,浪江,0.19,0.39864,0.2,0.4512,2019-04
0356,03,56,浪江,0.16,0.24096,0.11,-0.02184,2019-04
0357,03,57,浪江,0.1,-0.0744,0.14,0.13584,2019-04
0358,03,58,浪江,0.15,0.1884,0.1,-0.0744,2019-04
0359,03,59,浪江,0.12,0.03072,0.09,-0.12696,2019-04
0360,03,60,浪江,0.09,-0.12696,0.09,-0.12696,2019-04
0361,03,61,浪江,0.1,-0.0744,0.1,-0.0744,2019-04
0362,03,62,浪江,0.08,-0.17952,0.12,0.03072,2019-04
0363,03,63,浪江,0.11,-0.02184,0.16,0.24096,2019-04
0453,04,53,浪江,,-0.6,,-0.6,2019-04
0454,04,54,浪江,,-0.6,,-0.6,2019-04
0455,04,55,浪江,0.15,0.1884,0.16,0.24096,2019-04
0456,04,56,浪江,0.13,0.08328,0.16,0.24096,2019-04
0457,04,57,浪江,0.15,0.1884,0.13,0.08328,2019-04
0458,04,58,浪江,0.07,-0.23208,0.12,0.03072,2019-04
0459,04,59,浪江,0.13,0.08328,0.11,-0.02184,2019-04
0460,04,60,浪江,0.13,0.08328,0.11,-0.02184,2019-04
0461,04,61,浪江,0.12,0.03072,0.16,0.24096,2019-04
0462,04,62,浪江,0.11,-0.02184,0.11,-0.02184,2019-04
0463,04,63,浪江,0.08,-0.17952,0.13,0.08328,2019-04
0553,05,53,浪江,0.12,0.03072,0.17,0.29352,2019-04
0554,05,54,浪江,0.13,0.08328,0.14,0.13584,2019-04
0555,05,55,浪江,0.13,0.08328,0.13,0.08328,2019-04
0556,05,56,浪江,0.14,0.13584,0.15,0.1884,2019-04
0557,05,57,浪江,0.12,0.03072,0.11,-0.02184,2019-04
0558,05,58,浪江,0.1,-0.0744,0.13,0.08328,2019-04
0559,05,59,浪江,0.1,-0.0744,0.17,0.29352,2019-04
0560,05,60,浪江,0.15,0.1884,0.17,0.29352,2019-04
0561,05,61,浪江,0.08,-0.17952,0.08,-0.17952,2019-04
0653,06,53,浪江,0.2,0.4512,0.17,0.29352,2019-04
0654,06,54,浪江,0.22,0.55632,0.18,0.34608,2019-04
0655,06,55,浪江,0.15,0.1884,0.14,0.13584,2019-04
0656,06,56,浪江,0.14,0.13584,0.16,0.24096,2019-04
0657,06,57,浪江,0.24,0.66144,0.14,0.13584,2019-04
0658,06,58,浪江,0.12,0.03072,0.18,0.34608,2019-04
0659,06,59,浪江,0.14,0.13584,0.15,0.1884,2019-04
0660,06,60,浪江,0.15,0.1884,0.13,0.08328,2019-04
0753,07,53,浪江,0.19,0.39864,0.18,0.34608,2019-04
0754,07,54,浪江,0.12,0.03072,0.11,-0.02184,2019-04
0755,07,55,浪江,0.15,0.1884,0.14,0.13584,2019-04
0756,07,56,浪江,0.19,0.39864,0.15,0.1884,2019-04
0757,07,57,浪江,,-0.6,,-0.6,2019-04
0758,07,58,浪江,0.18,0.34608,0.16,0.24096,2019-04
0759,07,59,浪江,0.14,0.13584,0.1,-0.0744,2019-04
0853,08,53,浪江,0.17,0.29352,0.18,0.34608,2019-04
0854,08,54,浪江,0.14,0.13584,0.14,0.13584,2019-04
0855,08,55,浪江,0.14,0.13584,0.14,0.13584,2019-04
0856,08,56,浪江,0.16,0.24096,0.13,0.08328,2019-04
0857,08,57,浪江,,-0.6,,-0.6,2019-04
0858,08,58,浪江,0.11,-0.02184,0.09,-0.12696,2019-04
0859,08,59,浪江,0.16,0.24096,0.16,0.24096,2019-04
0860,08,60,浪江,0.16,0.24096,0.22,0.55632,2019-04
0954,09,54,浪江,0.18,0.34608,0.14,0.13584,2019-04
0955,09,55,浪江,0.15,0.1884,0.17,0.29352,2019-04
0956,09,56,浪江,0.13,0.08328,0.1,-0.0744,2019-04
0957,09,57,浪江,0.17,0.29352,0.15,0.1884,2019-04
0958,09,58,浪江,0.18,0.34608,0.12,0.03072,2019-04
0959,09,59,浪江,0.18,0.34608,0.32,1.08192,2019-04
0960,09,60,浪江,0.36,1.29216,0.31,1.02936,2019-04
1054,10,54,浪江,0.19,0.39864,0.15,0.1884,2019-04
1055,10,55,浪江,0.17,0.29352,0.16,0.24096,2019-04
1056,10,56,浪江,0.17,0.29352,0.12,0.03072,2019-04
1057,10,57,浪江,0.14,0.13584,0.13,0.08328,2019-04
1058,10,58,浪江,0.32,1.08192,0.2,0.4512,2019-04
1059,10,59,浪江,0.31,1.02936,0.38,1.39728,2019-04
1060,10,60,浪江,0.39,1.44984,0.48,1.92288,2019-04
1153,11,53,浪江,0.42,1.60752,0.21,0.50376,2019-04
1154,11,54,浪江,0.17,0.29352,0.19,0.39864,2019-04
1155,11,55,浪江,0.15,0.1884,0.13,0.08328,2019-04
1156,11,56,浪江,0.14,0.13584,0.13,0.08328,2019-04
1157,11,57,浪江,0.55,2.2908,0.2,0.4512,2019-04
1158,11,58,浪江,0.77,3.44712,0.29,0.92424,2019-04
1159,11,59,浪江,0.24,0.66144,0.25,0.714,2019-04
1160,11,60,浪江,0.85,3.8676,1.03,4.81368,2019-04
1161,11,61,浪江,0.67,2.92152,1.05,4.9188,2019-04
1252,12,52,浪江,0.17,0.29352,0.17,0.29352,2019-04
1253,12,53,浪江,0.19,0.39864,0.19,0.39864,2019-04
1254,12,54,浪江,0.86,3.92016,0.33,1.13448,2019-04
1255,12,55,浪江,0.13,0.08328,0.15,0.1884,2019-04
1256,12,56,浪江,0.63,2.71128,0.6,2.5536,2019-04
1257,12,57,浪江,2.29,11.43624,0.6,2.5536,2019-04
1258,12,58,浪江,0.37,1.34472,0.41,1.55496,2019-04
1259,12,59,浪江,0.38,1.39728,0.21,0.50376,2019-04
1260,12,60,浪江,0.34,1.18704,0.61,2.60616,2019-04
1261,12,61,浪江,0.39,1.44984,0.56,2.34336,2019-04
1262,12,62,浪江,1.64,8.01984,0.68,2.97408,2019-04
1352,13,52,浪江,0.9,4.1304,0.26,0.76656,2019-04
1353,13,53,浪江,0.23,0.60888,0.21,0.50376,2019-04
1354,13,54,浪江,1.5,7.284,0.57,2.39592,2019-04
1355,13,55,浪江,2.08,10.33248,0.67,2.92152,2019-04
1356,13,56,浪江,0.26,0.76656,0.24,0.66144,2019-04
1357,13,57,浪江,0.4,1.5024,0.38,1.39728,2019-04
1358,13,58,浪江,0.52,2.13312,0.24,0.66144,2019-04
1359,13,59,浪江,0.35,1.2396,0.64,2.76384,2019-04
1360,13,60,浪江,0.35,1.2396,0.48,1.92288,2019-04
1361,13,61,浪江,0.18,0.34608,0.21,0.50376,2019-04
1362,13,62,浪江,0.28,0.87168,0.14,0.13584,2019-04
1451,14,51,浪江,0.39,1.44984,0.41,1.55496,2019-04
1452,14,52,浪江,0.21,0.50376,0.25,0.714,2019-04
1453,14,53,浪江,0.21,0.50376,0.17,0.29352,2019-04
1454,14,54,浪江,0.52,2.13312,0.6,2.5536,2019-04
1455,14,55,浪江,0.47,1.87032,0.72,3.18432,2019-04
1456,14,56,浪江,2.37,11.85672,0.99,4.60344,2019-04
1457,14,57,浪江,0.29,0.92424,0.35,1.2396,2019-04
1458,14,58,浪江,0.47,1.87032,0.27,0.81912,2019-04
1459,14,59,浪江,0.18,0.34608,0.22,0.55632,2019-04
1460,14,60,浪江,0.22,0.55632,0.28,0.87168,2019-04
1461,14,61,浪江,0.17,0.29352,0.21,0.50376,2019-04
1462,14,62,浪江,0.22,0.55632,0.24,0.66144,2019-04
1463,14,63,浪江,0.43,1.66008,0.58,2.44848,2019-04
1551,15,51,浪江,0.21,0.50376,0.3,0.9768,2019-04
1552,15,52,浪江,0.33,1.13448,0.45,1.7652,2019-04
1553,15,53,浪江,0.3,0.9768,0.4,1.5024,2019-04
1554,15,54,浪江,0.42,1.60752,0.62,2.65872,2019-04
1555,15,55,浪江,0.24,0.66144,0.25,0.714,2019-04
1556,15,56,浪江,0.5,2.028,0.72,3.18432,2019-04
1557,15,57,浪江,0.14,0.13584,0.21,0.50376,2019-04
1558,15,58,浪江,0.54,2.23824,0.35,1.2396,2019-04
1559,15,59,浪江,0.23,0.60888,0.29,0.92424,2019-04
1560,15,60,浪江,0.18,0.34608,0.27,0.81912,2019-04
1561,15,61,浪江,0.15,0.1884,0.29,0.92424,2019-04
1562,15,62,浪江,0.13,0.08328,0.18,0.34608,2019-04
1651,16,51,浪江,0.3,0.9768,0.34,1.18704,2019-04
1652,16,52,浪江,0.23,0.60888,0.5,2.028,2019-04
1653,16,53,浪江,0.32,1.08192,0.46,1.81776,2019-04
1654,16,54,浪江,0.42,1.60752,0.56,2.34336,2019-04
1655,16,55,浪江,0.28,0.87168,0.35,1.2396,2019-04
1656,16,56,浪江,0.42,1.60752,0.7,3.0792,2019-04
1657,16,57,浪江,0.3,0.9768,0.31,1.02936,2019-04
1658,16,58,浪江,0.37,1.34472,0.32,1.08192,2019-04
1659,16,59,浪江,0.24,0.66144,0.28,0.87168,2019-04
1660,16,60,浪江,0.24,0.66144,0.48,1.92288,2019-04
1661,16,61,浪江,0.46,1.81776,0.34,1.18704,2019-04
1662,16,62,浪江,0.24,0.66144,0.27,0.81912,2019-04
1663,16,63,浪江,1.53,7.44168,1.82,8.96592,2019-04
1751,17,51,浪江,0.22,0.55632,0.29,0.92424,2019-04
1752,17,52,浪江,0.21,0.50376,0.31,1.02936,2019-04
1753,17,53,浪江,0.33,1.13448,0.39,1.44984,2019-04
1754,17,54,浪江,0.63,2.71128,1.1,5.1816,2019-04
1755,17,55,浪江,0.36,1.29216,0.44,1.71264,2019-04
1756,17,56,浪江,0.37,1.34472,0.47,1.87032,2019-04
1757,17,57,浪江,0.54,2.23824,1.23,5.86488,2019-04
1758,17,58,浪江,0.44,1.71264,0.38,1.39728,2019-04
1759,17,59,浪江,0.32,1.08192,0.3,0.9768,2019-04
1760,17,60,浪江,0.21,0.50376,0.23,0.60888,2019-04
1761,17,61,浪江,0.72,3.18432,0.64,2.76384,2019-04
1762,17,62,浪江,0.39,1.44984,0.42,1.60752,2019-04
1763,17,63,浪江,1.12,5.28672,0.9,4.1304,2019-04
1851,18,51,浪江,0.31,1.02936,0.37,1.34472,2019-04
1852,18,52,浪江,0.19,0.39864,0.27,0.81912,2019-04
1853,18,53,浪江,0.32,1.08192,0.54,2.23824,2019-04
1854,18,54,浪江,0.47,1.87032,0.36,1.29216,2019-04
1855,18,55,浪江,0.46,1.81776,0.37,1.34472,2019-04
1856,18,56,浪江,0.46,1.81776,0.51,2.08056,2019-04
1857,18,57,浪江,0.32,1.08192,0.6,2.5536,2019-04
1858,18,58,浪江,0.63,2.71128,0.74,3.28944,2019-04
1859,18,59,浪江,0.36,1.29216,0.45,1.7652,2019-04
1860,18,60,浪江,0.52,2.13312,0.41,1.55496,2019-04
1861,18,61,浪江,0.43,1.66008,0.63,2.71128,2019-04
1862,18,62,浪江,2.57,12.90792,2.45,12.2772,2019-04
1863,18,63,浪江,2,9.912,2.23,11.12088,2019-04
1865,18,65,浪江,1.64,8.01984,2.11,10.49016,2019-04
1950,19,50,浪江,1.2,5.7072,0.85,3.8676,2019-04
1951,19,51,浪江,0.52,2.13312,0.43,1.66008,2019-04
1952,19,52,浪江,0.18,0.34608,0.29,0.92424,2019-04
1953,19,53,浪江,0.22,0.55632,0.32,1.08192,2019-04
1954,19,54,浪江,1.12,5.28672,1.11,5.23416,2019-04
1955,19,55,浪江,0.34,1.18704,0.45,1.7652,2019-04
1956,19,56,浪江,0.37,1.34472,0.6,2.5536,2019-04
1957,19,57,浪江,0.4,1.5024,0.51,2.08056,2019-04
1958,19,58,浪江,0.57,2.39592,0.75,3.342,2019-04
1959,19,59,浪江,0.7,3.0792,0.77,3.44712,2019-04
1960,19,60,浪江,0.42,1.60752,0.93,4.28808,2019-04
1961,19,61,浪江,0.81,3.65736,1.01,4.70856,2019-04
1962,19,62,浪江,2.41,12.06696,2.23,11.12088,2019-04
1963,19,63,浪江,1.63,7.96728,1.41,6.81096,2019-04
1964,19,64,浪江,5.02,25.78512,3.87,19.74072,2019-04
1965,19,65,浪江,1.77,8.70312,2.23,11.12088,2019-04
1966,19,66,浪江,6.92,35.77152,3.6,18.3216,2019-04
1967,19,67,浪江,3.7,18.8472,3.92,20.00352,2019-04
2049,20,49,浪江,0.36,1.29216,0.37,1.34472,2019-04
2050,20,50,浪江,0.34,1.18704,0.24,0.66144,2019-04
2051,20,51,浪江,0.31,1.02936,0.35,1.2396,2019-04
2052,20,52,浪江,0.28,0.87168,0.26,0.76656,2019-04
2053,20,53,浪江,0.52,2.13312,0.71,3.13176,2019-04
2054,20,54,浪江,0.63,2.71128,0.76,3.39456,2019-04
2055,20,55,浪江,0.51,2.08056,0.6,2.5536,2019-04
2056,20,56,浪江,0.65,2.8164,0.84,3.81504,2019-04
2057,20,57,浪江,1.14,5.39184,1.61,7.86216,2019-04
2058,20,58,浪江,0.67,2.92152,0.55,2.2908,2019-04
2059,20,59,浪江,0.8,3.6048,0.81,3.65736,2019-04
2060,20,60,浪江,0.98,4.55088,0.74,3.28944,2019-04
2061,20,61,浪江,2.83,14.27448,2.56,12.85536,2019-04
2061,20,61,浪江,0.87,3.97272,1.17,5.54952,2019-04
2062,20,62,浪江,2.03,10.06968,1.99,9.85944,2019-04
2063,20,63,浪江,6.27,32.35512,4.96,25.46976,2019-04
2149,21,49,浪江,0.53,2.18568,0.64,2.76384,2019-04
2150,21,50,浪江,0.37,1.34472,0.33,1.13448,2019-04
2151,21,51,浪江,0.21,0.50376,0.3,0.9768,2019-04
2152,21,52,浪江,0.37,1.34472,0.29,0.92424,2019-04
2153,21,53,浪江,0.51,2.08056,0.46,1.81776,2019-04
2154,21,54,浪江,0.35,1.2396,0.65,2.8164,2019-04
2155,21,55,浪江,0.44,1.71264,0.52,2.13312,2019-04
2156,21,56,浪江,0.51,2.08056,0.44,1.71264,2019-04
2157,21,57,浪江,0.72,3.18432,1.1,5.1816,2019-04
2158,21,58,浪江,1.34,6.44304,1.43,6.91608,2019-04
2159,21,59,浪江,2.6,13.0656,2.02,10.01712,2019-04
2249,22,49,浪江,0.5,2.028,0.7,3.0792,2019-04
2250,22,50,浪江,0.52,2.13312,0.46,1.81776,2019-04
2251,22,51,浪江,0.4,1.5024,0.44,1.71264,2019-04
2252,22,52,浪江,0.38,1.39728,0.62,2.65872,2019-04
2253,22,53,浪江,0.26,0.76656,0.35,1.2396,2019-04
2254,22,54,浪江,0.72,3.18432,0.88,4.02528,2019-04
2162,21,62,浪江,3.12,15.79872,3.2,16.2192,2019-04
2263,22,63,浪江,4.93,25.31208,6.37,32.88072,2019-04
2353,23,53,浪江,0.68,2.97408,1.27,6.07512,2019-04
2354,23,54,浪江,0.65,2.8164,1.21,5.75976,2019-04
2363,23,63,浪江,2.83,14.27448,2.96,14.95776,2019-04
2453,24,53,浪江,0.9,4.1304,1.25,5.97,2019-04
2454,24,54,浪江,1,4.656,0.81,3.65736,2019-04
2455,24,55,浪江,2.05,10.1748,1.74,8.54544,2019-04
2463,24,63,浪江,2.56,12.85536,2.97,15.01032,2019-04
2553,25,53,浪江,1.05,4.9188,1.48,7.17888,2019-04
2554,25,54,浪江,0.92,4.23552,1.2,5.7072,2019-04
2563,25,63,浪江,1.81,8.91336,0.96,4.44576,2019-04
2653,26,53,浪江,1.35,6.4956,1.44,6.96864,2019-04
2663,26,63,浪江,0.7,3.0792,0.68,2.97408,2019-04
2753,27,53,浪江,1.14,5.39184,1.14,5.39184,2019-04
2852,28,52,浪江,1.02,4.76112,1.49,7.23144,2019-04
2853,28,53,浪江,1.52,7.38912,1.72,8.44032,2019-04
2950,29,50,浪江,1.32,6.33792,1.93,9.54408,2019-04
2952,29,52,浪江,1.39,6.70584,1.81,8.91336,2019-04
2953,29,53,浪江,3.63,18.47928,4.08,20.84448,2019-04
3053,30,53,浪江,2.35,11.7516,2.35,11.7516,2019-04
3054,30,54,浪江,5.8,29.8848,6.28,32.40768,2019-04
3063,30,63,浪江,0.58,2.44848,0.54,2.23824,2019-04
3149,31,49,浪江,1.58,7.70448,2.16,10.75296,2019-04
3154,31,54,浪江,2.03,10.06968,6.34,32.72304,2019-04
3164,31,64,浪江,0.74,3.28944,0.63,2.71128,2019-04
3165,31,65,浪江,0.5,2.028,0.48,1.92288,2019-04
3248,32,48,浪江,2.69,13.53864,3.13,15.85128,2019-04
3249,32,49,浪江,2.14,10.64784,2.04,10.12224,2019-04
3254,32,54,浪江,2.71,13.64376,3.33,16.90248,2019-04
3255,32,55,浪江,1.81,8.91336,2.85,14.3796,2019-04
3265,32,65,浪江,0.43,1.66008,0.52,2.13312,2019-04
3346,33,46,浪江,1.42,6.86352,1.57,7.65192,2019-04
3347,33,47,浪江,2.9,14.6424,3.48,17.69088,2019-04
3349,33,49,浪江,3.03,15.32568,2.57,12.90792,2019-04
3355,33,55,浪江,1.61,7.86216,1.77,8.70312,2019-04
3356,33,56,浪江,0.83,3.76248,1.15,5.4444,2019-04
3357,33,57,浪江,0.71,3.13176,0.94,4.34064,2019-04
3358,33,58,浪江,0.39,1.44984,0.56,2.34336,2019-04
3359,33,59,浪江,0.32,1.08192,0.61,2.60616,2019-04
3360,33,60,浪江,0.5,2.028,0.51,2.08056,2019-04
3361,33,61,浪江,0.5,2.028,0.62,2.65872,2019-04
3362,33,62,浪江,0.55,2.2908,0.59,2.50104,2019-04
3363,33,63,浪江,0.52,2.13312,0.57,2.39592,2019-04
3364,33,64,浪江,0.41,1.55496,0.43,1.66008,2019-04
3365,33,65,浪江,0.42,1.60752,0.37,1.34472,2019-04
3446,34,46,浪江,1.6,7.8096,1.22,5.81232,2019-04
3449,34,49,浪江,4.35,22.2636,3.01,15.22056,2019-04
3546,35,46,浪江,1.7,8.3352,2,9.912,2019-04
3550,35,50,浪江,3.92,20.00352,3.27,16.58712,2019-04
3551,35,51,浪江,3.58,18.21648,3.05,15.4308,2019-04
3646,36,46,浪江,1.58,7.70448,2.1,10.4376,2019-04
3744,37,44,浪江,2.05,10.1748,1.05,4.9188,2019-04
3745,37,45,浪江,2.55,12.8028,1.85,9.1236,2019-04
3746,37,46,浪江,1.33,6.39048,3,15.168,2019-04
3843,38,43,浪江,1.77,8.70312,2.7,13.5912,2019-04
3942,39,42,浪江,8,41.448,4.18,21.37008,2019-04
3943,39,43,浪江,3.62,18.42672,3.4,17.2704,2019-04
4042,40,42,浪江,2.03,10.06968,2.6,13.0656,2019-04
4044,40,44,浪江,2.05,10.1748,2.27,11.33112,2019-04
4142,41,42,浪江,3.8,19.3728,3.06,15.48336,2019-04
4241,42,41,浪江,3.13,15.85128,4.16,21.26496,2019-04
4245,42,45,浪江,1.89,9.33384,2.13,10.59528,2019-04
4246,42,46,浪江,1.8,8.8608,0.94,4.34064,2019-04
4247,42,47,浪江,1.56,7.59936,2.38,11.90928,2019-04
4341,43,41,浪江,1.86,9.17616,1.62,7.91472,2019-04
4345,43,45,浪江,2.21,11.01576,1.97,9.75432,2019-04
4347,43,47,浪江,1.98,9.80688,1.11,5.23416,2019-04
4436,44,36,浪江,0.85,3.8676,0.71,3.13176,2019-04
4440,44,40,浪江,1.27,6.07512,1.86,9.17616,2019-04
4441,44,41,浪江,1.14,5.39184,1.31,6.28536,2019-04
4445,44,45,浪江,1.27,6.07512,1.96,9.70176,2019-04
4446,44,46,浪江,0.98,4.55088,1.43,6.91608,2019-04
4537,45,37,浪江,1.53,7.44168,1.68,8.23008,2019-04
4538,45,38,浪江,1.63,7.96728,1.48,7.17888,2019-04
4539,45,39,浪江,0.99,4.60344,1.34,6.44304,2019-04
4540,45,40,浪江,1.58,7.70448,1.72,8.44032,2019-04
4541,45,41,浪江,1.82,8.96592,1.82,8.96592,2019-04
4542,45,42,浪江,2.25,11.226,2,9.912,2019-04
4543,45,43,浪江,1.29,6.18024,2.32,11.59392,2019-04
4544,45,44,浪江,1.25,5.97,1.27,6.07512,2019-04
4545,45,45,浪江,1.69,8.28264,1.63,7.96728,2019-04
4636,46,36,浪江,1.55,7.5468,1.3,6.2328,2019-04
4637,46,37,浪江,0.84,3.81504,1.02,4.76112,2019-04
4639,46,39,浪江,0.86,3.92016,0.65,2.8164,2019-04
4641,46,41,浪江,2.17,10.80552,2.27,11.33112,2019-04
4642,46,42,浪江,1.04,4.86624,1.28,6.12768,2019-04
4644,46,44,浪江,0.75,3.342,0.93,4.28808,2019-04
4646,46,46,浪江,1.7,8.3352,1.32,6.33792,2019-04
4647,46,47,浪江,1.36,6.54816,1.64,8.01984,2019-04
4734,47,34,浪江,1.33,6.39048,1.61,7.86216,2019-04
4735,47,35,浪江,0.98,4.55088,1.14,5.39184,2019-04
4739,47,39,浪江,1.5,7.284,1.29,6.18024,2019-04
4741,47,41,浪江,1.08,5.07648,1.6,7.8096,2019-04
4742,47,42,浪江,0.69,3.02664,1.27,6.07512,2019-04
4743,47,43,浪江,1,4.656,1.51,7.33656,2019-04
4746,47,46,浪江,1.66,8.12496,1.61,7.86216,2019-04
4747,47,47,浪江,1.19,5.65464,1.33,6.39048,2019-04
4834,48,34,浪江,1.73,8.49288,1.61,7.86216,2019-04
4838,48,38,浪江,1.86,9.17616,2.37,11.85672,2019-04
4840,48,40,浪江,0.93,4.28808,1.55,7.5468,2019-04
4843,48,43,浪江,1.68,8.23008,1.8,8.8608,2019-04
4846,48,46,浪江,1.37,6.60072,1.4,6.7584,2019-04
4934,49,34,浪江,2.58,12.96048,2.24,11.17344,2019-04
4935,49,35,浪江,1.78,8.75568,1.92,9.49152,2019-04
4938,49,38,浪江,1.77,8.70312,2.2,10.9632,2019-04
4939,49,39,浪江,,-0.6,,-0.6,2019-04
4940,49,40,浪江,1.02,4.76112,1.06,4.97136,2019-04
4942,49,42,浪江,0.76,3.39456,1.29,6.18024,2019-04
4943,49,43,浪江,4.15,21.2124,3.28,16.63968,2019-04
4946,49,46,浪江,1.69,8.28264,1.63,7.96728,2019-04
5034,50,34,浪江,1.72,8.44032,1.76,8.65056,2019-04
5036,50,36,浪江,2.28,11.38368,4.8,24.6288,2019-04
5037,50,37,浪江,1.87,9.22872,2.13,10.59528,2019-04
5039,50,39,浪江,2.1,10.4376,2.24,11.17344,2019-04
5040,50,40,浪江,3.9,19.8984,3.29,16.69224,2019-04
5041,50,41,浪江,1.23,5.86488,1.45,7.0212,2019-04
5042,50,42,浪江,1.58,7.70448,1.42,6.86352,2019-04
5134,51,34,浪江,1.19,5.65464,1.8,8.8608,2019-04
5135,51,35,浪江,1.47,7.12632,2.27,11.33112,2019-04
5137,51,37,浪江,7.33,37.92648,3.17,16.06152,2019-04
5139,51,39,浪江,5.62,28.93872,3.65,18.5844,2019-04
5140,51,40,浪江,4.25,21.738,2.12,10.54272,2019-04
5142,51,42,浪江,0.57,2.39592,0.95,4.3932,2019-04
5234,52,34,浪江,4.81,24.68136,2.97,15.01032,2019-04
5235,52,35,浪江,7.82,40.50192,4.27,21.84312,2019-04
5236,52,36,浪江,5.04,25.89024,2.31,11.54136,2019-04
5237,52,37,浪江,6.2,31.9872,2.97,15.01032,2019-04
5238,52,38,浪江,4.1,20.9496,2.12,10.54272,2019-04
5242,52,42,浪江,1.27,6.07512,1.42,6.86352,2019-04
5243,52,43,浪江,1.35,6.4956,1.66,8.12496,2019-04
5244,52,44,浪江,0.4,1.5024,0.58,2.44848,2019-04
5333,53,33,浪江,2.18,10.85808,1.5,7.284,2019-04
5334,53,34,浪江,10.64,55.32384,3.53,17.95368,2019-04
5335,53,35,浪江,6.01,30.98856,3.14,15.90384,2019-04
5337,53,37,浪江,5.61,28.88616,2.68,13.48608,2019-04
5338,53,38,浪江,6.22,32.09232,3.51,17.84856,2019-04
5339,53,39,浪江,2.07,10.27992,1.07,5.02392,2019-04
5340,53,40,浪江,2.9,14.6424,1.73,8.49288,2019-04
5342,53,42,浪江,0.9,4.1304,1.19,5.65464,2019-04
5343,53,43,浪江,1.14,5.39184,1.6,7.8096,2019-04
5344,53,44,浪江,0.52,2.13312,0.61,2.60616,2019-04
5433,54,33,浪江,3.08,15.58848,2.61,13.11816,2019-04
5434,54,34,浪江,4.42,22.63152,2.62,13.17072,2019-04
5435,54,35,浪江,3.03,15.32568,1.83,9.01848,2019-04
5436,54,36,浪江,3.6,18.3216,2.83,14.27448,2019-04
5437,54,37,浪江,3.93,20.05608,1.7,8.3352,2019-04
5440,54,40,浪江,0.8,3.6048,0.99,4.60344,2019-04
5441,54,41,浪江,0.43,1.66008,0.4,1.5024,2019-04
5442,54,42,浪江,0.47,1.87032,0.57,2.39592,2019-04
5447,54,47,浪江,0.26,0.76656,0.35,1.2396,2019-04
5533,55,33,浪江,7.71,39.92376,1.79,8.80824,2019-04
5534,55,34,浪江,3.75,19.11,1.7,8.3352,2019-04
5540,55,40,浪江,4.2,21.4752,1.24,5.91744,2019-04
5541,55,41,浪江,0.63,2.71128,0.87,3.97272,2019-04
5542,55,42,浪江,0.65,2.8164,0.81,3.65736,2019-04
5543,55,43,浪江,0.34,1.18704,0.4,1.5024,2019-04
5544,55,44,浪江,0.32,1.08192,0.42,1.60752,2019-04
5545,55,45,浪江,0.18,0.34608,0.27,0.81912,2019-04
5546,55,46,浪江,0.17,0.29352,0.2,0.4512,2019-04
5547,55,47,浪江,0.19,0.39864,0.25,0.714,2019-04
5632,56,32,浪江,1.16,5.49696,1.87,9.22872,2019-04
5633,56,33,浪江,8.38,43.44528,3.48,17.69088,2019-04
5634,56,34,浪江,7.9,40.9224,2.21,11.01576,2019-04
5639,56,39,浪江,8.85,45.9156,3.43,17.42808,2019-04
5640,56,40,浪江,2.54,12.75024,1.21,5.75976,2019-04
5643,56,43,浪江,0.3,0.9768,0.33,1.13448,2019-04
5644,56,44,浪江,0.37,1.34472,0.34,1.18704,2019-04
5645,56,45,浪江,0.27,0.81912,0.4,1.5024,2019-04
5646,56,46,浪江,0.33,1.13448,0.27,0.81912,2019-04
5738,57,38,浪江,3.3,16.7448,1.15,5.4444,2019-04
5739,57,39,浪江,1.69,8.28264,1.22,5.81232,2019-04
5743,57,43,浪江,0.37,1.34472,0.39,1.44984,2019-04
5744,57,44,浪江,0.31,1.02936,0.27,0.81912,2019-04
5837,58,37,浪江,5.51,28.36056,2.1,10.4376,2019-04
5838,58,38,浪江,2.85,14.3796,0.7,3.0792,2019-04
5843,58,43,浪江,0.22,0.55632,0.27,0.81912,2019-04
5844,58,44,浪江,0.38,1.39728,0.52,2.13312,2019-04
5943,59,43,浪江,0.31,1.02936,0.47,1.87032,2019-04
5944,59,44,浪江,0.29,0.92424,0.27,0.81912,2019-04
6042,60,42,浪江,0.21,0.50376,0.28,0.87168,2019-04
6141,61,41,浪江,0.2,0.4512,0.25,0.714,2019-04
6142,61,42,浪江,0.34,1.18704,0.33,1.13448,2019-04
6240,62,40,浪江,0.3,0.9768,0.28,0.87168,2019-04
6241,62,41,浪江,0.29,0.92424,0.37,1.34472,2019-04
0283,02,83,富岡町,0.41,1.55496,0.35,1.2396,2019-04
0284,02,84,富岡町,1.01,4.70856,0.86,3.92016,2019-04
0285,02,85,富岡町,1.21,5.75976,1.56,7.59936,2019-04
0384,03,84,富岡町,1.05,4.9188,1.32,6.33792,2019-04
0385,03,85,富岡町,3.68,18.74208,2.16,10.75296,2019-04
0386,03,86,富岡町,0.85,3.8676,0.88,4.02528,2019-04
0387,03,87,富岡町,0.4,1.5024,0.32,1.08192,2019-04
0388,03,88,富岡町,0.48,1.92288,0.95,4.3932,2019-04
0389,03,89,富岡町,0.29,0.92424,0.39,1.44984,2019-04
0390,03,90,富岡町,0.3,0.9768,0.33,1.13448,2019-04
0391,03,91,富岡町,0.32,1.08192,0.25,0.714,2019-04
0484,04,84,富岡町,6.97,36.03432,3.9,19.8984,2019-04
0485,04,85,富岡町,1.17,5.54952,1.09,5.12904,2019-04
0486,04,86,富岡町,0.33,1.13448,0.58,2.44848,2019-04
0487,04,87,富岡町,0.69,3.02664,0.92,4.23552,2019-04
0488,04,88,富岡町,0.27,0.81912,0.44,1.71264,2019-04
0489,04,89,富岡町,0.28,0.87168,0.48,1.92288,2019-04
0490,04,90,富岡町,0.27,0.81912,0.5,2.028,2019-04
0491,04,91,富岡町,0.14,0.13584,0.13,0.08328,2019-04
0492,04,92,富岡町,0.17,0.29352,0.16,0.24096,2019-04
0493,04,93,富岡町,0.14,0.13584,0.17,0.29352,2019-04
0494,04,94,富岡町,0.14,0.13584,0.1,-0.0744,2019-04
0583,05,83,富岡町,1.69,8.28264,2.04,10.12224,2019-04
0584,05,84,富岡町,1.92,9.49152,1.67,8.17752,2019-04
0585,05,85,富岡町,2.17,10.80552,6.22,32.09232,2019-04
0586,05,86,富岡町,1.51,7.33656,0.5,2.028,2019-04
0587,05,87,富岡町,1.59,7.75704,1.57,7.65192,2019-04
0588,05,88,富岡町,0.36,1.29216,0.36,1.29216,2019-04
0589,05,89,富岡町,0.58,2.44848,0.41,1.55496,2019-04
0590,05,90,富岡町,0.25,0.714,0.34,1.18704,2019-04
0591,05,91,富岡町,0.11,-0.02184,0.11,-0.02184,2019-04
0592,05,92,富岡町,0.2,0.4512,0.19,0.39864,2019-04
0593,05,93,富岡町,0.36,1.29216,0.3,0.9768,2019-04
0594,05,94,富岡町,0.19,0.39864,0.25,0.714,2019-04
0595,05,95,富岡町,0.11,-0.02184,0.16,0.24096,2019-04
0685,06,85,富岡町,2.52,12.64512,2.67,13.43352,2019-04
0686,06,86,富岡町,0.35,1.2396,0.4,1.5024,2019-04
0687,06,87,富岡町,1.54,7.49424,1.08,5.07648,2019-04
0688,06,88,富岡町,0.47,1.87032,0.28,0.87168,2019-04
0689,06,89,富岡町,0.52,2.13312,0.49,1.97544,2019-04
0690,06,90,富岡町,0.31,1.02936,1.11,5.23416,2019-04
0691,06,91,富岡町,0.22,0.55632,0.23,0.60888,2019-04
0692,06,92,富岡町,0.37,1.34472,0.31,1.02936,2019-04
0693,06,93,富岡町,0.19,0.39864,0.34,1.18704,2019-04
0694,06,94,富岡町,0.23,0.60888,0.22,0.55632,2019-04
0695,06,95,富岡町,0.28,0.87168,0.25,0.714,2019-04
0696,06,96,富岡町,0.16,0.24096,0.22,0.55632,2019-04
0783,07,83,富岡町,2.27,11.33112,1.77,8.70312,2019-04
0784,07,84,富岡町,1.36,6.54816,1.08,5.07648,2019-04
0785,07,85,富岡町,0.59,2.50104,0.73,3.23688,2019-04
0786,07,86,富岡町,1.54,7.49424,1.39,6.70584,2019-04
0787,07,87,富岡町,3.83,19.53048,3.1,15.6936,2019-04
0788,07,88,富岡町,1.12,5.28672,1.35,6.4956,2019-04
0789,07,89,富岡町,0.29,0.92424,0.4,1.5024,2019-04
0790,07,90,富岡町,0.54,2.23824,0.41,1.55496,2019-04
0791,07,91,富岡町,0.3,0.9768,0.29,0.92424,2019-04
0792,07,92,富岡町,0.29,0.92424,0.26,0.76656,2019-04
0793,07,93,富岡町,0.23,0.60888,0.29,0.92424,2019-04
0794,07,94,富岡町,0.29,0.92424,0.34,1.18704,2019-04
0795,07,95,富岡町,0.19,0.39864,0.21,0.50376,2019-04
0796,07,96,富岡町,0.21,0.50376,0.26,0.76656,2019-04
0884,08,84,富岡町,5.53,28.46568,2.02,10.01712,2019-04
0885,08,85,富岡町,0.62,2.65872,0.53,2.18568,2019-04
0886,08,86,富岡町,0.54,2.23824,0.69,3.02664,2019-04
0887,08,87,富岡町,0.92,4.23552,1.03,4.81368,2019-04
0888,08,88,富岡町,1.73,8.49288,2.15,10.7004,2019-04
0889,08,89,富岡町,0.45,1.7652,0.27,0.81912,2019-04
0890,08,90,富岡町,0.33,1.13448,0.25,0.714,2019-04
0891,08,91,富岡町,0.24,0.66144,0.5,2.028,2019-04
0892,08,92,富岡町,0.39,1.44984,0.57,2.39592,2019-04
0893,08,93,富岡町,0.15,0.1884,0.27,0.81912,2019-04
0894,08,94,富岡町,0.2,0.4512,0.3,0.9768,2019-04
0895,08,95,富岡町,0.17,0.29352,0.21,0.50376,2019-04
0896,08,96,富岡町,0.35,1.2396,0.34,1.18704,2019-04
0897,08,97,富岡町,0.36,1.29216,0.24,0.66144,2019-04
0983,09,83,富岡町,1.06,4.97136,0.97,4.49832,2019-04
0984,09,84,富岡町,1.72,8.44032,1.12,5.28672,2019-04
0985,09,85,富岡町,0.28,0.87168,0.32,1.08192,2019-04
0986,09,86,富岡町,1.08,5.07648,0.55,2.2908,2019-04
0987,09,87,富岡町,0.3,0.9768,0.26,0.76656,2019-04
0988,09,88,富岡町,0.25,0.714,0.25,0.714,2019-04
0989,09,89,富岡町,0.25,0.714,0.3,0.9768,2019-04
0990,09,90,富岡町,0.34,1.18704,0.5,2.028,2019-04
0991,09,91,富岡町,0.34,1.18704,0.38,1.39728,2019-04
0992,09,92,富岡町,0.23,0.60888,0.44,1.71264,2019-04
0993,09,93,富岡町,0.31,1.02936,0.27,0.81912,2019-04
0994,09,94,富岡町,0.44,1.71264,0.37,1.34472,2019-04
0995,09,95,富岡町,0.21,0.50376,0.23,0.60888,2019-04
0997,09,97,富岡町,0.34,1.18704,0.25,0.714,2019-04
1083,10,83,富岡町,0.82,3.70992,0.93,4.28808,2019-04
1084,10,84,富岡町,3.01,15.22056,1.93,9.54408,2019-04
1085,10,85,富岡町,1.17,5.54952,0.78,3.49968,2019-04
1086,10,86,富岡町,0.31,1.02936,0.3,0.9768,2019-04
1087,10,87,富岡町,0.44,1.71264,0.48,1.92288,2019-04
1088,10,88,富岡町,0.29,0.92424,0.33,1.13448,2019-04
1089,10,89,富岡町,0.22,0.55632,0.32,1.08192,2019-04
1090,10,90,富岡町,0.75,3.342,0.55,2.2908,2019-04
1091,10,91,富岡町,0.25,0.714,0.24,0.66144,2019-04
1093,10,93,富岡町,0.23,0.60888,0.3,0.9768,2019-04
1094,10,94,富岡町,0.21,0.50376,0.18,0.34608,2019-04
1095,10,95,富岡町,0.23,0.60888,0.34,1.18704,2019-04
1098,10,98,富岡町,0.35,1.2396,0.24,0.66144,2019-04
1182,11,82,富岡町,0.6,2.5536,0.6,2.5536,2019-04
1183,11,83,富岡町,0.36,1.29216,0.58,2.44848,2019-04
1184,11,84,富岡町,0.37,1.34472,0.67,2.92152,2019-04
1185,11,85,富岡町,0.19,0.39864,0.25,0.714,2019-04
1186,11,86,富岡町,0.27,0.81912,0.34,1.18704,2019-04
1187,11,87,富岡町,0.18,0.34608,0.21,0.50376,2019-04
1188,11,88,富岡町,0.28,0.87168,0.34,1.18704,2019-04
1189,11,89,富岡町,0.26,0.76656,0.29,0.92424,2019-04
1190,11,90,富岡町,1.3,6.2328,0.74,3.28944,2019-04
1191,11,91,富岡町,0.39,1.44984,0.45,1.7652,2019-04
1192,11,92,富岡町,0.26,0.76656,0.33,1.13448,2019-04
1193,11,93,富岡町,0.26,0.76656,0.27,0.81912,2019-04
1194,11,94,富岡町,0.2,0.4512,0.2,0.4512,2019-04
1282,12,82,富岡町,0.29,0.92424,0.49,1.97544,2019-04
1283,12,83,富岡町,2.04,10.12224,0.72,3.18432,2019-04
1284,12,84,富岡町,0.33,1.13448,0.4,1.5024,2019-04
1285,12,85,富岡町,0.14,0.13584,0.22,0.55632,2019-04
1286,12,86,富岡町,0.19,0.39864,0.2,0.4512,2019-04
1287,12,87,富岡町,0.14,0.13584,0.22,0.55632,2019-04
1288,12,88,富岡町,0.5,2.028,0.46,1.81776,2019-04
1289,12,89,富岡町,0.5,2.028,0.56,2.34336,2019-04
1290,12,90,富岡町,0.29,0.92424,0.27,0.81912,2019-04
1291,12,91,富岡町,0.26,0.76656,0.26,0.76656,2019-04
1292,12,92,富岡町,0.33,1.13448,0.36,1.29216,2019-04
1293,12,93,富岡町,0.3,0.9768,0.1,-0.0744,2019-04
1294,12,94,富岡町,0.24,0.66144,0.21,0.50376,2019-04
1295,12,95,富岡町,0.89,4.07784,0.55,2.2908,2019-04
1382,13,82,富岡町,0.21,0.50376,0.26,0.76656,2019-04
1384,13,84,富岡町,0.2,0.4512,0.25,0.714,2019-04
1385,13,85,富岡町,0.19,0.39864,0.3,0.9768,2019-04
1386,13,86,富岡町,0.22,0.55632,0.34,1.18704,2019-04
1387,13,87,富岡町,0.42,1.60752,0.3,0.9768,2019-04
1388,13,88,富岡町,0.88,4.02528,0.89,4.07784,2019-04
1390,13,90,富岡町,0.25,0.714,0.29,0.92424,2019-04
1391,13,91,富岡町,0.27,0.81912,0.54,2.23824,2019-04
1392,13,92,富岡町,0.37,1.34472,0.35,1.2396,2019-04
1393,13,93,富岡町,0.21,0.50376,0.21,0.50376,2019-04
1394,13,94,富岡町,0.24,0.66144,0.19,0.39864,2019-04
1482,14,82,富岡町,0.29,0.92424,0.42,1.60752,2019-04
1483,14,83,富岡町,0.39,1.44984,0.4,1.5024,2019-04
1484,14,84,富岡町,0.34,1.18704,0.32,1.08192,2019-04
1485,14,85,富岡町,0.35,1.2396,0.29,0.92424,2019-04
1486,14,86,富岡町,0.22,0.55632,0.28,0.87168,2019-04
1487,14,87,富岡町,0.18,0.34608,0.18,0.34608,2019-04
1488,14,88,富岡町,0.24,0.66144,0.33,1.13448,2019-04
1491,14,91,富岡町,0.28,0.87168,0.23,0.60888,2019-04
1492,14,92,富岡町,0.5,2.028,0.41,1.55496,2019-04
1493,14,93,富岡町,0.19,0.39864,0.2,0.4512,2019-04
1494,14,94,富岡町,0.23,0.60888,0.22,0.55632,2019-04
1495,14,95,富岡町,0.33,1.13448,0.24,0.66144,2019-04
1582,15,82,富岡町,0.54,2.23824,1.22,5.81232,2019-04
1583,15,83,富岡町,0.33,1.13448,0.36,1.29216,2019-04
1584,15,84,富岡町,0.33,1.13448,0.51,2.08056,2019-04
1585,15,85,富岡町,0.21,0.50376,0.18,0.34608,2019-04
1586,15,86,富岡町,0.21,0.50376,0.44,1.71264,2019-04
1587,15,87,富岡町,0.63,2.71128,0.47,1.87032,2019-04
1588,15,88,富岡町,0.42,1.60752,0.37,1.34472,2019-04
1589,15,89,富岡町,0.18,0.34608,0.24,0.66144,2019-04
1590,15,90,富岡町,0.24,0.66144,0.22,0.55632,2019-04
1591,15,91,富岡町,0.19,0.39864,0.2,0.4512,2019-04
1592,15,92,富岡町,0.22,0.55632,0.23,0.60888,2019-04
1595,15,95,富岡町,0.24,0.66144,0.25,0.714,2019-04
1682,16,82,富岡町,0.38,1.39728,0.45,1.7652,2019-04
1683,16,83,富岡町,0.2,0.4512,0.23,0.60888,2019-04
1684,16,84,富岡町,0.97,4.49832,0.3,0.9768,2019-04
1685,16,85,富岡町,1.79,8.80824,0.47,1.87032,2019-04
1686,16,86,富岡町,0.29,0.92424,0.33,1.13448,2019-04
1687,16,87,富岡町,0.35,1.2396,0.36,1.29216,2019-04
1690,16,90,富岡町,0.24,0.66144,0.26,0.76656,2019-04
1691,16,91,富岡町,0.22,0.55632,0.23,0.60888,2019-04
1784,17,84,富岡町,0.4,1.5024,0.2,0.4512,2019-04
1785,17,85,富岡町,0.26,0.76656,0.25,0.714,2019-04
1786,17,86,富岡町,0.26,0.76656,0.32,1.08192,2019-04
1787,17,87,富岡町,0.27,0.81912,0.26,0.76656,2019-04
1885,18,85,富岡町,0.32,1.08192,0.29,0.92424,2019-04
1886,18,86,富岡町,0.8,3.6048,0.52,2.13312,2019-04
1887,18,87,富岡町,0.72,3.18432,0.36,1.29216,2019-04
1987,19,87,富岡町,0.32,1.08192,0.18,0.34608,2019-04
2087,20,87,富岡町,0.3,0.9768,0.24,0.66144,2019-04
2187,21,87,富岡町,0.32,1.08192,0.34,1.18704,2019-04
2287,22,87,富岡町,0.26,0.76656,0.26,0.76656,2019-04
2387,23,87,富岡町,0.36,1.29216,0.24,0.66144,2019-04
2388,23,88,富岡町,,-0.6,,-0.6,2019-04
2488,24,88,富岡町,0.7,3.0792,0.66,2.86896,2019-04
2588,25,88,富岡町,0.52,2.13312,0.58,2.44848,2019-04
1378,13,78,大熊,-,#VALUE!,-,#VALUE!,2019-04
1379,13,79,大熊,-,#VALUE!,-,#VALUE!,2019-04
1380,13,80,大熊,-,#VALUE!,-,#VALUE!,2019-04
1381,13,81,大熊,-,#VALUE!,-,#VALUE!,2019-04
1382,13,82,大熊,-,#VALUE!,-,#VALUE!,2019-04
1474,14,74,大熊,-,#VALUE!,-,#VALUE!,2019-04
1475,14,75,大熊,-,#VALUE!,-,#VALUE!,2019-04
1476,14,76,大熊,-,#VALUE!,-,#VALUE!,2019-04
1477,14,77,大熊,-,#VALUE!,-,#VALUE!,2019-04
1478,14,78,大熊,0.23,0.60888,0.19,0.39864,2019-04
1479,14,79,大熊,-,#VALUE!,-,#VALUE!,2019-04
1480,14,80,大熊,0.33,1.13448,0.36,1.29216,2019-04
1481,14,81,大熊,0.2,0.4512,0.14,0.13584,2019-04
1482,14,82,大熊,-,#VALUE!,-,#VALUE!,2019-04
1574,15,74,大熊,0.82,3.70992,1.42,6.86352,2019-04
1575,15,75,大熊,-,#VALUE!,-,#VALUE!,2019-04
1576,15,76,大熊,-,#VALUE!,-,#VALUE!,2019-04
1577,15,77,大熊,-,#VALUE!,-,#VALUE!,2019-04
1578,15,78,大熊,-,#VALUE!,-,#VALUE!,2019-04
1579,15,79,大熊,0.56,2.34336,0.64,2.76384,2019-04
1580,15,80,大熊,0.38,1.39728,0.42,1.60752,2019-04
1581,15,81,大熊,0.24,0.66144,0.34,1.18704,2019-04
1582,15,82,富岡,0.28,0.87168,0.2,0.4512,2019-04
1674,16,74,大熊,0.64,2.76384,0.69,3.02664,2019-04
1675,16,75,大熊,-,#VALUE!,-,#VALUE!,2019-04
1676,16,76,大熊,-,#VALUE!,-,#VALUE!,2019-04
1677,16,77,大熊,0.48,1.92288,0.49,1.97544,2019-04
1678,16,78,大熊,0.24,0.66144,0.38,1.39728,2019-04
1679,16,79,大熊,0.3,0.9768,0.45,1.7652,2019-04
1680,16,80,大熊,0.22,0.55632,0.35,1.2396,2019-04
1681,16,81,大熊,0.39,1.44984,0.45,1.7652,2019-04
1682,16,82,富岡,0.19,0.39864,0.31,1.02936,2019-04
1774,17,74,大熊,0.69,3.02664,1.43,6.91608,2019-04
1775,17,75,大熊,0.66,2.86896,0.75,3.342,2019-04
1776,17,76,大熊,0.5,2.028,0.53,2.18568,2019-04
1777,17,77,大熊,-,#VALUE!,-,#VALUE!,2019-04
1778,17,78,大熊,-,#VALUE!,-,#VALUE!,2019-04
1779,17,79,大熊,0.3,0.9768,0.24,0.66144,2019-04
1780,17,80,大熊,-,#VALUE!,-,#VALUE!,2019-04
1781,17,81,大熊,0.26,0.76656,0.31,1.02936,2019-04
1782,17,82,大熊,0.33,1.13448,0.44,1.71264,2019-04
1874,18,74,大熊,0.68,2.97408,0.48,1.92288,2019-04
1875,18,75,大熊,-,#VALUE!,-,#VALUE!,2019-04
1878,18,78,大熊,-,#VALUE!,-,#VALUE!,2019-04
1879,18,79,大熊,-,#VALUE!,-,#VALUE!,2019-04
1880,18,80,大熊,-,#VALUE!,-,#VALUE!,2019-04
1881,18,81,大熊,0.34,1.18704,0.45,1.7652,2019-04
1882,18,82,大熊,-,#VALUE!,-,#VALUE!,2019-04
1974,19,74,大熊,0.64,2.76384,0.66,2.86896,2019-04
1979,19,79,大熊,-,#VALUE!,-,#VALUE!,2019-04
1981,19,81,大熊,0.22,0.55632,0.2,0.4512,2019-04
1982,19,82,大熊,0.37,1.34472,0.34,1.18704,2019-04
2074,20,74,大熊,0.36,1.29216,0.54,2.23824,2019-04
2174,21,74,大熊,0.57,2.39592,0.57,2.39592,2019-04
2274,22,74,大熊,0.38,1.39728,0.43,1.66008,2019-04
2374,23,74,大熊,0.32,1.08192,0.35,1.2396,2019-04
2475,24,75,大熊,0.24,0.66144,0.29,0.92424,2019-04
2574,25,74,大熊,0.26,0.76656,0.4,1.5024,2019-04
2674,26,74,大熊,0.42,1.60752,0.35,1.2396,2019-04
2774,27,74,大熊,0.4,1.5024,0.32,1.08192,2019-04
2874,28,74,大熊,0.28,0.87168,0.34,1.18704,2019-04
2975,29,75,大熊,0.33,1.13448,0.4,1.5024,2019-04
3076,30,76,大熊,0.38,1.39728,0.48,1.92288,2019-04
3177,31,77,大熊,0.27,0.81912,0.32,1.08192,2019-04
3277,32,77,大熊,0.13,0.08328,0.23,0.60888,2019-04
3376,33,76,大熊,0.2,0.4512,0.21,0.50376,2019-04
3476,34,76,大熊,0.22,0.55632,0.26,0.76656,2019-04