ID,Y,,City,1cm,1cmyear,100cm,100cmyear,Date
2401,1,24,鹿島,0.35,1.2396,0.16,0.24096,2016-04
2101,1,21,鹿島,0.19,0.39864,0.2,0.4512,2016-04
2001,1,20,鹿島,0.16,0.24096,0.14,0.13584,2016-04
1901,1,19,鹿島,0.15,0.1884,0.17,0.29352,2016-04
1801,1,18,鹿島,0.15,0.1884,0.14,0.13584,2016-04
1701,1,17,鹿島,0.12,0.03072,0.14,0.13584,2016-04
1601,1,16,鹿島,0.16,0.24096,0.14,0.13584,2016-04
2502,2,25,鹿島,0.24,0.66144,0.22,0.55632,2016-04
2402,2,24,鹿島,0.61,2.60616,0.28,0.87168,2016-04
2302,2,23,鹿島,0.16,0.24096,0.19,0.39864,2016-04
2202,2,22,鹿島,0.15,0.1884,0.14,0.13584,2016-04
2102,2,21,鹿島,0.15,0.1884,0.12,0.03072,2016-04
2002,2,20,鹿島,0.13,0.08328,0.18,0.34608,2016-04
1902,2,19,鹿島,0.17,0.29352,0.18,0.34608,2016-04
1802,2,18,鹿島,0.28,0.87168,0.2,0.4512,2016-04
1702,2,17,鹿島,0.14,0.13584,0.15,0.1884,2016-04
1602,2,16,鹿島,0.19,0.39864,0.15,0.1884,2016-04
1502,2,15,鹿島,0.12,0.03072,0.13,0.08328,2016-04
1402,2,14,鹿島,0.09,-0.12696,0.13,0.08328,2016-04
1302,2,13,鹿島,0.11,-0.02184,0.15,0.1884,2016-04
2703,3,27,鹿島,0.31,1.02936,0.19,0.39864,2016-04
2503,3,25,鹿島,0.47,1.87032,0.32,1.08192,2016-04
2403,3,24,鹿島,0.57,2.39592,0.24,0.66144,2016-04
2303,3,23,鹿島,0.2,0.4512,0.18,0.34608,2016-04
2203,3,22,鹿島,0.12,0.03072,0.16,0.24096,2016-04
2103,3,21,鹿島,0.15,0.1884,0.13,0.08328,2016-04
2003,3,20,鹿島,0.14,0.13584,0.14,0.13584,2016-04
1903,3,19,鹿島,0.2,0.4512,0.2,0.4512,2016-04
1803,3,18,鹿島,0.26,0.76656,0.23,0.60888,2016-04
1703,3,17,鹿島,0.12,0.03072,0.15,0.1884,2016-04
1603,3,16,鹿島,0.12,0.03072,0.14,0.13584,2016-04
1503,3,15,鹿島,0.14,0.13584,0.13,0.08328,2016-04
1403,3,14,鹿島,0.16,0.24096,0.16,0.24096,2016-04
1303,3,13,鹿島,0.1,-0.0744,0.13,0.08328,2016-04
1203,3,12,鹿島,0.09,-0.12696,0.09,-0.12696,2016-04
1103,3,11,鹿島,0.07,-0.23208,0.11,-0.02184,2016-04
3204,4,32,鹿島,0.44,1.71264,0.28,0.87168,2016-04
3104,4,31,鹿島,0.15,0.1884,0.2,0.4512,2016-04
3004,4,30,鹿島,0.13,0.08328,0.14,0.13584,2016-04
2904,4,29,鹿島,0.32,1.08192,0.28,0.87168,2016-04
2704,4,27,鹿島,0.5,2.028,0.26,0.76656,2016-04
2604,4,26,鹿島,0.34,1.18704,0.25,0.714,2016-04
2504,4,25,鹿島,0.37,1.34472,0.25,0.714,2016-04
2404,4,24,鹿島,0.24,0.66144,0.21,0.50376,2016-04
2304,4,23,鹿島,0.18,0.34608,0.16,0.24096,2016-04
2204,4,22,鹿島,0.15,0.1884,0.15,0.1884,2016-04
2104,4,21,鹿島,0.19,0.39864,0.18,0.34608,2016-04
2004,4,20,鹿島,0.14,0.13584,0.15,0.1884,2016-04
1904,4,19,鹿島,0.17,0.29352,0.17,0.29352,2016-04
1804,4,18,鹿島,0.14,0.13584,0.16,0.24096,2016-04
1704,4,17,鹿島,0.11,-0.02184,0.14,0.13584,2016-04
1604,4,16,鹿島,0.1,-0.0744,0.13,0.08328,2016-04
1504,4,15,鹿島,0.18,0.34608,0.16,0.24096,2016-04
1404,4,14,鹿島,0.1,-0.0744,0.12,0.03072,2016-04
1304,4,13,鹿島,0.15,0.1884,0.15,0.1884,2016-04
1204,4,12,鹿島,0.11,-0.02184,0.11,-0.02184,2016-04
1104,4,11,鹿島,0.07,-0.23208,0.12,0.03072,2016-04
1004,4,10,鹿島,0.1,-0.0744,0.09,-0.12696,2016-04
0904,4,9,鹿島,0.08,-0.17952,0.09,-0.12696,2016-04
3305,5,33,鹿島,0.41,1.55496,0.34,1.18704,2016-04
3205,5,32,鹿島,1.5,7.284,0.4,1.5024,2016-04
3105,5,31,鹿島,0.81,3.65736,0.35,1.2396,2016-04
3005,5,30,鹿島,0.35,1.2396,0.22,0.55632,2016-04
2905,5,29,鹿島,0.22,0.55632,0.17,0.29352,2016-04
2805,5,28,鹿島,0.45,1.7652,0.31,1.02936,2016-04
2705,5,27,鹿島,0.28,0.87168,0.25,0.714,2016-04
2605,5,26,鹿島,0.34,1.18704,0.18,0.34608,2016-04
2305,5,23,鹿島,0.28,0.87168,0.24,0.66144,2016-04
2205,5,22,鹿島,0.17,0.29352,0.2,0.4512,2016-04
2105,5,21,鹿島,0.15,0.1884,0.16,0.24096,2016-04
2005,5,20,鹿島,0.1,-0.0744,0.13,0.08328,2016-04
1905,5,19,鹿島,0.18,0.34608,0.18,0.34608,2016-04
1805,5,18,鹿島,0.17,0.29352,0.16,0.24096,2016-04
1705,5,17,鹿島,0.13,0.08328,0.14,0.13584,2016-04
1605,5,16,鹿島,0.19,0.39864,0.25,0.714,2016-04
1505,5,15,鹿島,0.2,0.4512,0.2,0.4512,2016-04
1405,5,14,鹿島,0.18,0.34608,0.15,0.1884,2016-04
1305,5,13,鹿島,0.19,0.39864,0.19,0.39864,2016-04
1205,5,12,鹿島,0.07,-0.23208,0.13,0.08328,2016-04
1105,5,11,鹿島,0.19,0.39864,0.11,-0.02184,2016-04
1005,5,10,鹿島,0.13,0.08328,0.11,-0.02184,2016-04
0905,5,9,鹿島,0.1,-0.0744,0.1,-0.0744,2016-04
3306,6,33,鹿島,0.63,2.71128,0.29,0.92424,2016-04
3206,6,32,鹿島,0.27,0.81912,0.16,0.24096,2016-04
3106,6,31,鹿島,0.51,2.08056,0.21,0.50376,2016-04
3006,6,30,鹿島,0.43,1.66008,0.28,0.87168,2016-04
2906,6,29,鹿島,0.38,1.39728,0.16,0.24096,2016-04
2806,6,28,鹿島,0.82,3.70992,0.3,0.9768,2016-04
2306,6,23,鹿島,0.15,0.1884,0.14,0.13584,2016-04
2206,6,22,鹿島,0.24,0.66144,0.25,0.714,2016-04
2106,6,21,鹿島,0.17,0.29352,0.15,0.1884,2016-04
2006,6,20,鹿島,0.33,1.13448,0.24,0.66144,2016-04
1906,6,19,鹿島,0.25,0.714,0.19,0.39864,2016-04
1806,6,18,鹿島,0.17,0.29352,0.18,0.34608,2016-04
1706,6,17,鹿島,0.14,0.13584,0.18,0.34608,2016-04
1606,6,16,鹿島,0.12,0.03072,0.23,0.60888,2016-04
1506,6,15,鹿島,0.25,0.714,0.16,0.24096,2016-04
1406,6,14,鹿島,0.14,0.13584,0.16,0.24096,2016-04
1306,6,13,鹿島,0.33,1.13448,0.21,0.50376,2016-04
1206,6,12,鹿島,0.15,0.1884,0.13,0.08328,2016-04
1106,6,11,鹿島,0.12,0.03072,0.14,0.13584,2016-04
1006,6,10,鹿島,0.15,0.1884,0.19,0.39864,2016-04
0906,6,9,鹿島,0.14,0.13584,0.11,-0.02184,2016-04
0806,6,8,鹿島,0.12,0.03072,0.15,0.1884,2016-04
3307,7,33,鹿島,0.49,1.97544,0.35,1.2396,2016-04
3207,7,32,鹿島,0.35,1.2396,0.28,0.87168,2016-04
3107,7,31,鹿島,0.62,2.65872,0.45,1.7652,2016-04
3007,7,30,鹿島,0.46,1.81776,0.34,1.18704,2016-04
2907,7,29,鹿島,0.59,2.50104,0.47,1.87032,2016-04
2307,7,23,鹿島,0.16,0.24096,0.17,0.29352,2016-04
2207,7,22,鹿島,0.15,0.1884,0.16,0.24096,2016-04
2107,7,21,鹿島,0.14,0.13584,0.11,-0.02184,2016-04
2007,7,20,鹿島,0.56,2.34336,0.33,1.13448,2016-04
1907,7,19,鹿島,0.37,1.34472,0.23,0.60888,2016-04
1807,7,18,鹿島,0.3,0.9768,0.25,0.714,2016-04
1707,7,17,鹿島,0.26,0.76656,0.19,0.39864,2016-04
1607,7,16,鹿島,0.15,0.1884,0.11,-0.02184,2016-04
1507,7,15,鹿島,0.25,0.714,0.2,0.4512,2016-04
1407,7,14,鹿島,0.14,0.13584,0.11,-0.02184,2016-04
1307,7,13,鹿島,0.18,0.34608,0.13,0.08328,2016-04
1207,7,12,鹿島,0.22,0.55632,0.19,0.39864,2016-04
1107,7,11,鹿島,0.19,0.39864,0.19,0.39864,2016-04
1007,7,10,鹿島,0.3,0.9768,0.17,0.29352,2016-04
0907,7,9,鹿島,0.1,-0.0744,0.12,0.03072,2016-04
0807,7,8,鹿島,0.11,-0.02184,0.11,-0.02184,2016-04
3008,8,30,鹿島,0.67,2.92152,0.44,1.71264,2016-04
2908,8,29,鹿島,0.38,1.39728,0.24,0.66144,2016-04
2308,8,23,鹿島,0.23,0.60888,0.29,0.92424,2016-04
2208,8,22,鹿島,0.25,0.714,0.19,0.39864,2016-04
2108,8,21,鹿島,0.16,0.24096,0.1,-0.0744,2016-04
2008,8,20,鹿島,0.34,1.18704,0.24,0.66144,2016-04
1908,8,19,鹿島,0.21,0.50376,0.24,0.66144,2016-04
1808,8,18,鹿島,0.3,0.9768,0.18,0.34608,2016-04
1708,8,17,鹿島,0.18,0.34608,0.12,0.03072,2016-04
1608,8,16,鹿島,0.12,0.03072,0.15,0.1884,2016-04
1508,8,15,鹿島,0.35,1.2396,0.18,0.34608,2016-04
1408,8,14,鹿島,0.24,0.66144,0.19,0.39864,2016-04
1308,8,13,鹿島,0.17,0.29352,0.11,-0.02184,2016-04
1208,8,12,鹿島,0.13,0.08328,0.16,0.24096,2016-04
1108,8,11,鹿島,0.22,0.55632,0.17,0.29352,2016-04
1008,8,10,鹿島,0.15,0.1884,0.14,0.13584,2016-04
0908,8,9,鹿島,0.19,0.39864,0.11,-0.02184,2016-04
0808,8,8,鹿島,0.1,-0.0744,0.15,0.1884,2016-04
3009,9,30,鹿島,0.7,3.0792,0.35,1.2396,2016-04
2309,9,23,鹿島,0.2,0.4512,0.24,0.66144,2016-04
2209,9,22,鹿島,0.24,0.66144,0.15,0.1884,2016-04
2109,9,21,鹿島,0.11,-0.02184,0.14,0.13584,2016-04
2009,9,20,鹿島,0.26,0.76656,0.17,0.29352,2016-04
1909,9,19,鹿島,0.12,0.03072,0.21,0.50376,2016-04
1809,9,18,鹿島,0.17,0.29352,0.18,0.34608,2016-04
1709,9,17,鹿島,0.17,0.29352,0.09,-0.12696,2016-04
1609,9,16,鹿島,0.35,1.2396,0.23,0.60888,2016-04
1509,9,15,鹿島,0.15,0.1884,0.21,0.50376,2016-04
1409,9,14,鹿島,0.15,0.1884,0.16,0.24096,2016-04
1309,9,13,鹿島,0.14,0.13584,0.21,0.50376,2016-04
1209,9,12,鹿島,0.19,0.39864,0.15,0.1884,2016-04
1109,9,11,鹿島,0.14,0.13584,0.14,0.13584,2016-04
1009,9,10,鹿島,0.12,0.03072,0.13,0.08328,2016-04
0909,9,9,鹿島,0.12,0.03072,0.13,0.08328,2016-04
0809,9,8,鹿島,0.17,0.29352,0.09,-0.12696,2016-04
3010,10,30,鹿島,0.89,4.07784,0.57,2.39592,2016-04
2310,10,23,鹿島,0.25,0.714,0.33,1.13448,2016-04
2210,10,22,鹿島,0.32,1.08192,0.25,0.714,2016-04
2110,10,21,鹿島,0.17,0.29352,0.19,0.39864,2016-04
2010,10,20,鹿島,0.2,0.4512,0.19,0.39864,2016-04
1910,10,19,鹿島,0.18,0.34608,0.19,0.39864,2016-04
1810,10,18,鹿島,0.12,0.03072,0.2,0.4512,2016-04
1710,10,17,鹿島,0.13,0.08328,0.12,0.03072,2016-04
1610,10,16,鹿島,0.14,0.13584,0.1,-0.0744,2016-04
1510,10,15,鹿島,0.17,0.29352,0.13,0.08328,2016-04
1410,10,14,鹿島,0.1,-0.0744,0.1,-0.0744,2016-04
1310,10,13,鹿島,0.3,0.9768,0.17,0.29352,2016-04
1210,10,12,鹿島,0.16,0.24096,0.16,0.24096,2016-04
1110,10,11,鹿島,0.14,0.13584,0.15,0.1884,2016-04
1010,10,10,鹿島,0.15,0.1884,0.13,0.08328,2016-04
0910,10,9,鹿島,0.11,-0.02184,0.11,-0.02184,2016-04
0810,10,8,鹿島,0.13,0.08328,0.09,-0.12696,2016-04
3011,11,30,鹿島,0.74,3.28944,0.53,2.18568,2016-04
2911,11,29,鹿島,0.49,1.97544,0.34,1.18704,2016-04
2211,11,22,鹿島,0.14,0.13584,0.23,0.60888,2016-04
2111,11,21,鹿島,0.13,0.08328,0.19,0.39864,2016-04
2011,11,20,鹿島,0.2,0.4512,0.23,0.60888,2016-04
1911,11,19,鹿島,0.3,0.9768,0.24,0.66144,2016-04
1811,11,18,鹿島,0.17,0.29352,0.2,0.4512,2016-04
1711,11,17,鹿島,0.13,0.08328,0.19,0.39864,2016-04
1611,11,16,鹿島,0.18,0.34608,0.18,0.34608,2016-04
1511,11,15,鹿島,0.17,0.29352,0.14,0.13584,2016-04
1411,11,14,鹿島,0.2,0.4512,0.13,0.08328,2016-04
1311,11,13,鹿島,0.15,0.1884,0.12,0.03072,2016-04
1211,11,12,鹿島,0.14,0.13584,0.15,0.1884,2016-04
1111,11,11,鹿島,0.11,-0.02184,0.12,0.03072,2016-04
1011,11,10,鹿島,0.16,0.24096,0.12,0.03072,2016-04
0911,11,9,鹿島,0.14,0.13584,0.14,0.13584,2016-04
0811,11,8,鹿島,0.14,0.13584,0.11,-0.02184,2016-04
2912,12,29,鹿島,0.35,1.2396,0.34,1.18704,2016-04
2812,12,28,鹿島,0.22,0.55632,0.2,0.4512,2016-04
2212,12,22,鹿島,0.2,0.4512,0.21,0.50376,2016-04
2112,12,21,鹿島,0.26,0.76656,0.15,0.1884,2016-04
2012,12,20,鹿島,0.18,0.34608,0.17,0.29352,2016-04
1912,12,19,鹿島,0.21,0.50376,0.25,0.714,2016-04
1812,12,18,鹿島,0.17,0.29352,0.14,0.13584,2016-04
1712,12,17,鹿島,0.23,0.60888,0.32,1.08192,2016-04
1612,12,16,鹿島,0.17,0.29352,0.18,0.34608,2016-04
1512,12,15,鹿島,0.13,0.08328,0.17,0.29352,2016-04
1412,12,14,鹿島,0.14,0.13584,0.11,-0.02184,2016-04
1312,12,13,鹿島,0.14,0.13584,0.18,0.34608,2016-04
1212,12,12,鹿島,0.08,-0.17952,0.13,0.08328,2016-04
1112,12,11,鹿島,0.15,0.1884,0.13,0.08328,2016-04
1012,12,10,鹿島,0.09,-0.12696,0.1,-0.0744,2016-04
0912,12,9,鹿島,0.12,0.03072,0.11,-0.02184,2016-04
0812,12,8,鹿島,0.14,0.13584,0.11,-0.02184,2016-04
2913,13,29,鹿島,0.43,1.66008,0.39,1.44984,2016-04
2813,13,28,鹿島,0.25,0.714,0.26,0.76656,2016-04
2713,13,27,鹿島,0.43,1.66008,0.24,0.66144,2016-04
2613,13,26,鹿島,0.23,0.60888,0.16,0.24096,2016-04
2513,13,25,鹿島,0.2,0.4512,0.18,0.34608,2016-04
2413,13,24,鹿島,0.22,0.55632,0.28,0.87168,2016-04
2313,13,23,鹿島,0.28,0.87168,0.26,0.76656,2016-04
2213,13,22,鹿島,0.17,0.29352,0.18,0.34608,2016-04
2113,13,21,鹿島,0.15,0.1884,0.23,0.60888,2016-04
2013,13,20,鹿島,0.16,0.24096,0.15,0.1884,2016-04
1913,13,19,鹿島,0.13,0.08328,0.17,0.29352,2016-04
1813,13,18,鹿島,0.18,0.34608,0.22,0.55632,2016-04
1713,13,17,鹿島,0.13,0.08328,0.14,0.13584,2016-04
1613,13,16,鹿島,0.18,0.34608,0.25,0.714,2016-04
1513,13,15,鹿島,0.13,0.08328,0.17,0.29352,2016-04
1413,13,14,鹿島,0.21,0.50376,0.22,0.55632,2016-04
1313,13,13,鹿島,0.15,0.1884,0.12,0.03072,2016-04
1213,13,12,鹿島,0.13,0.08328,0.13,0.08328,2016-04
1113,13,11,鹿島,0.13,0.08328,0.11,-0.02184,2016-04
1013,13,10,鹿島,0.28,0.87168,0.16,0.24096,2016-04
0913,13,9,鹿島,0.12,0.03072,0.12,0.03072,2016-04
0813,13,8,鹿島,0.1,-0.0744,0.12,0.03072,2016-04
2814,14,28,鹿島,0.35,1.2396,0.38,1.39728,2016-04
2614,14,26,鹿島,0.41,1.55496,0.51,2.08056,2016-04
2514,14,25,鹿島,0.34,1.18704,0.31,1.02936,2016-04
2414,14,24,鹿島,0.28,0.87168,0.32,1.08192,2016-04
2314,14,23,鹿島,0.25,0.714,0.3,0.9768,2016-04
2214,14,22,鹿島,0.21,0.50376,0.18,0.34608,2016-04
2114,14,21,鹿島,0.21,0.50376,0.25,0.714,2016-04
2014,14,20,鹿島,0.16,0.24096,0.2,0.4512,2016-04
1914,14,19,鹿島,0.71,3.13176,0.28,0.87168,2016-04
1814,14,18,鹿島,0.3,0.9768,0.25,0.714,2016-04
1714,14,17,鹿島,0.18,0.34608,0.16,0.24096,2016-04
1614,14,16,鹿島,0.16,0.24096,0.2,0.4512,2016-04
1514,14,15,鹿島,0.26,0.76656,0.23,0.60888,2016-04
1414,14,14,鹿島,0.15,0.1884,0.18,0.34608,2016-04
1314,14,13,鹿島,0.21,0.50376,0.17,0.29352,2016-04
1214,14,12,鹿島,0.12,0.03072,0.11,-0.02184,2016-04
1114,14,11,鹿島,0.18,0.34608,0.11,-0.02184,2016-04
1014,14,10,鹿島,0.11,-0.02184,0.13,0.08328,2016-04
0914,14,9,鹿島,0.14,0.13584,0.15,0.1884,2016-04
0814,14,8,鹿島,0.19,0.39864,0.14,0.13584,2016-04
2715,15,27,鹿島,0.48,1.92288,0.42,1.60752,2016-04
2615,15,26,鹿島,0.45,1.7652,0.55,2.2908,2016-04
2315,15,23,原町,0.37,1.34472,0.2,0.4512,2016-04
2215,15,22,原町,0.17,0.29352,0.25,0.714,2016-04
2115,15,21,原町,0.16,0.24096,0.11,-0.02184,2016-04
2015,15,20,原町,0.18,0.34608,0.18,0.34608,2016-04
1915,15,19,鹿島,0.26,0.76656,0.22,0.55632,2016-04
1815,15,18,鹿島,0.14,0.13584,0.17,0.29352,2016-04
1715,15,17,鹿島,0.21,0.50376,0.21,0.50376,2016-04
1615,15,16,鹿島,0.17,0.29352,0.18,0.34608,2016-04
1515,15,15,鹿島,0.15,0.1884,0.15,0.1884,2016-04
1415,15,14,鹿島,0.13,0.08328,0.14,0.13584,2016-04
1315,15,13,鹿島,0.13,0.08328,0.13,0.08328,2016-04
1215,15,12,鹿島,0.13,0.08328,0.14,0.13584,2016-04
1115,15,11,鹿島,0.14,0.13584,0.15,0.1884,2016-04
1015,15,10,鹿島,0.12,0.03072,0.14,0.13584,2016-04
0915,15,9,鹿島,0.17,0.29352,0.12,0.03072,2016-04
0815,15,8,鹿島,0.11,-0.02184,0.11,-0.02184,2016-04
2816,16,28,原町,0.45,1.7652,0.58,2.44848,2016-04
2316,16,23,原町,0.24,0.66144,0.25,0.714,2016-04
2216,16,22,原町,0.51,2.08056,0.45,1.7652,2016-04
2116,16,21,原町,0.25,0.714,0.17,0.29352,2016-04
2016,16,20,原町,0.24,0.66144,0.23,0.60888,2016-04
1916,16,19,原町,0.24,0.66144,0.19,0.39864,2016-04
1816,16,18,原町,0.19,0.39864,0.26,0.76656,2016-04
1516,16,15,鹿島,0.13,0.08328,0.13,0.08328,2016-04
1416,16,14,鹿島,0.14,0.13584,0.14,0.13584,2016-04
1316,16,13,鹿島,0.14,0.13584,0.16,0.24096,2016-04
1216,16,12,鹿島,0.12,0.03072,0.16,0.24096,2016-04
1116,16,11,鹿島,0.13,0.08328,0.12,0.03072,2016-04
1016,16,10,原町,0.15,0.1884,0.13,0.08328,2016-04
0916,16,9,鹿島,0.13,0.08328,0.14,0.13584,2016-04
0816,16,8,原町,0.11,-0.02184,0.13,0.08328,2016-04
2917,17,29,原町,0.39,1.44984,0.47,1.87032,2016-04
2717,17,27,原町,0.65,2.8164,0.44,1.71264,2016-04
2317,17,23,原町,0.48,1.92288,0.28,0.87168,2016-04
2217,17,22,原町,0.19,0.39864,0.23,0.60888,2016-04
2117,17,21,原町,0.19,0.39864,0.2,0.4512,2016-04
2017,17,20,原町,0.16,0.24096,0.17,0.29352,2016-04
1917,17,19,原町,0.32,1.08192,0.19,0.39864,2016-04
1817,17,18,原町,0.11,-0.02184,0.21,0.50376,2016-04
1717,17,17,原町,0.13,0.08328,0.15,0.1884,2016-04
1517,17,15,鹿島,0.12,0.03072,0.12,0.03072,2016-04
1417,17,14,鹿島,0.12,0.03072,0.14,0.13584,2016-04
1317,17,13,鹿島,0.15,0.1884,0.16,0.24096,2016-04
1217,17,12,鹿島,0.12,0.03072,0.12,0.03072,2016-04
1117,17,11,鹿島,0.12,0.03072,0.12,0.03072,2016-04
1017,17,10,原町,0.13,0.08328,0.13,0.08328,2016-04
0917,17,9,鹿島,0.12,0.03072,0.12,0.03072,2016-04
0817,17,8,原町,0.12,0.03072,0.12,0.03072,2016-04
2918,18,29,原町,0.4,1.5024,0.57,2.39592,2016-04
2818,18,28,原町,0.82,3.70992,0.48,1.92288,2016-04
2718,18,27,原町,0.29,0.92424,0.28,0.87168,2016-04
2618,18,26,原町,0.29,0.92424,0.27,0.81912,2016-04
2518,18,25,原町,0.37,1.34472,0.39,1.44984,2016-04
2418,18,24,原町,0.29,0.92424,0.26,0.76656,2016-04
2318,18,23,原町,0.21,0.50376,0.21,0.50376,2016-04
2218,18,22,原町,0.18,0.34608,0.19,0.39864,2016-04
2118,18,21,原町,0.58,2.44848,0.26,0.76656,2016-04
2018,18,20,原町,0.15,0.1884,0.21,0.50376,2016-04
1918,18,19,原町,0.19,0.39864,0.19,0.39864,2016-04
1818,18,18,原町,0.16,0.24096,0.16,0.24096,2016-04
1718,18,17,原町,0.47,1.87032,0.15,0.1884,2016-04
1618,18,16,原町,0.11,-0.02184,0.15,0.1884,2016-04
1518,18,15,原町,0.22,0.55632,0.18,0.34608,2016-04
1418,18,14,原町,0.14,0.13584,0.16,0.24096,2016-04
1318,18,13,鹿島,0.11,-0.02184,0.11,-0.02184,2016-04
1218,18,12,鹿島,0.18,0.34608,0.17,0.29352,2016-04
1118,18,11,原町,0.2,0.4512,0.19,0.39864,2016-04
1018,18,10,原町,0.16,0.24096,0.12,0.03072,2016-04
0918,18,9,原町,0.15,0.1884,0.17,0.29352,2016-04
0818,18,8,原町,0.15,0.1884,0.11,-0.02184,2016-04
3019,19,30,原町,0.41,1.55496,0.3,0.9768,2016-04
2919,19,29,原町,0.32,1.08192,0.29,0.92424,2016-04
2819,19,28,原町,0.22,0.55632,0.38,1.39728,2016-04
2719,19,27,原町,0.22,0.55632,0.24,0.66144,2016-04
2619,19,26,原町,0.18,0.34608,0.22,0.55632,2016-04
2519,19,25,原町,0.29,0.92424,0.23,0.60888,2016-04
2419,19,24,原町,0.15,0.1884,0.19,0.39864,2016-04
2319,19,23,原町,0.16,0.24096,0.2,0.4512,2016-04
2219,19,22,原町,0.18,0.34608,0.17,0.29352,2016-04
2119,19,21,原町,0.15,0.1884,0.18,0.34608,2016-04
2019,19,20,原町,0.17,0.29352,0.26,0.76656,2016-04
1919,19,19,原町,0.14,0.13584,0.16,0.24096,2016-04
1819,19,18,原町,0.55,2.2908,0.32,1.08192,2016-04
1719,19,17,原町,0.21,0.50376,0.27,0.81912,2016-04
1619,19,16,原町,0.23,0.60888,0.18,0.34608,2016-04
1519,19,15,原町,0.21,0.50376,0.16,0.24096,2016-04
1419,19,14,原町,0.16,0.24096,0.19,0.39864,2016-04
1319,19,13,原町,0.15,0.1884,0.15,0.1884,2016-04
1219,19,12,原町,0.13,0.08328,0.17,0.29352,2016-04
1119,19,11,原町,0.13,0.08328,0.14,0.13584,2016-04
1019,19,10,原町,0.15,0.1884,0.17,0.29352,2016-04
0919,19,9,原町,0.16,0.24096,0.15,0.1884,2016-04
0819,19,8,原町,0.09,-0.12696,0.09,-0.12696,2016-04
2720,20,27,原町,0.32,1.08192,0.32,1.08192,2016-04
2620,20,26,原町,0.27,0.81912,0.28,0.87168,2016-04
2520,20,25,原町,0.23,0.60888,0.3,0.9768,2016-04
2420,20,24,原町,0.27,0.81912,0.23,0.60888,2016-04
2320,20,23,原町,0.49,1.97544,0.43,1.66008,2016-04
2220,20,22,原町,0.66,2.86896,0.42,1.60752,2016-04
2120,20,21,原町,0.64,2.76384,0.18,0.34608,2016-04
2020,20,20,原町,0.18,0.34608,0.14,0.13584,2016-04
1920,20,19,原町,0.17,0.29352,0.18,0.34608,2016-04
1820,20,18,原町,0.18,0.34608,0.24,0.66144,2016-04
1720,20,17,原町,0.26,0.76656,0.19,0.39864,2016-04
1620,20,16,原町,0.19,0.39864,0.2,0.4512,2016-04
1520,20,15,原町,0.2,0.4512,0.14,0.13584,2016-04
1420,20,14,原町,0.25,0.714,0.19,0.39864,2016-04
1320,20,13,原町,0.15,0.1884,0.21,0.50376,2016-04
1220,20,12,原町,0.16,0.24096,0.11,-0.02184,2016-04
1120,20,11,原町,0.15,0.1884,0.12,0.03072,2016-04
1020,20,10,原町,0.16,0.24096,0.15,0.1884,2016-04
0920,20,9,原町,0.15,0.1884,0.13,0.08328,2016-04
0820,20,8,原町,0.13,0.08328,0.12,0.03072,2016-04
2821,21,28,原町,0.32,1.08192,0.44,1.71264,2016-04
2721,21,27,原町,0.46,1.81776,0.44,1.71264,2016-04
2621,21,26,原町,0.36,1.29216,0.37,1.34472,2016-04
2321,21,23,原町,0.83,3.76248,0.4,1.5024,2016-04
2221,21,22,原町,0.34,1.18704,0.29,0.92424,2016-04
2121,21,21,原町,0.48,1.92288,0.32,1.08192,2016-04
2021,21,20,原町,0.23,0.60888,0.17,0.29352,2016-04
1921,21,19,原町,0.23,0.60888,0.24,0.66144,2016-04
1821,21,18,原町,0.19,0.39864,0.16,0.24096,2016-04
1721,21,17,原町,0.16,0.24096,0.18,0.34608,2016-04
1621,21,16,原町,0.48,1.92288,0.26,0.76656,2016-04
1521,21,15,原町,0.14,0.13584,0.11,-0.02184,2016-04
1421,21,14,原町,0.16,0.24096,0.13,0.08328,2016-04
1321,21,13,原町,0.32,1.08192,0.21,0.50376,2016-04
1221,21,12,原町,0.16,0.24096,0.2,0.4512,2016-04
1121,21,11,原町,0.17,0.29352,0.11,-0.02184,2016-04
1021,21,10,原町,0.13,0.08328,0.11,-0.02184,2016-04
0921,21,9,原町,0.13,0.08328,0.12,0.03072,2016-04
0821,21,8,原町,0.19,0.39864,0.13,0.08328,2016-04
2722,22,27,原町,1.07,5.02392,0.72,3.18432,2016-04
2622,22,26,原町,0.33,1.13448,0.38,1.39728,2016-04
2422,22,24,原町,,-0.6,,-0.6,2016-04
2322,22,23,原町,0.62,2.65872,0.42,1.60752,2016-04
2222,22,22,原町,0.62,2.65872,0.42,1.60752,2016-04
2122,22,21,原町,0.52,2.13312,0.33,1.13448,2016-04
2022,22,20,原町,0.44,1.71264,0.31,1.02936,2016-04
1922,22,19,原町,0.2,0.4512,0.15,0.1884,2016-04
1822,22,18,原町,0.14,0.13584,0.26,0.76656,2016-04
1722,22,17,原町,0.16,0.24096,0.13,0.08328,2016-04
1622,22,16,原町,0.18,0.34608,0.11,-0.02184,2016-04
1522,22,15,原町,0.18,0.34608,0.17,0.29352,2016-04
1422,22,14,原町,0.26,0.76656,0.19,0.39864,2016-04
1322,22,13,原町,0.14,0.13584,0.15,0.1884,2016-04
1222,22,12,原町,0.13,0.08328,0.14,0.13584,2016-04
1122,22,11,原町,0.15,0.1884,0.13,0.08328,2016-04
1022,22,10,原町,0.17,0.29352,0.14,0.13584,2016-04
0922,22,9,原町,0.17,0.29352,0.13,0.08328,2016-04
0822,22,8,原町,0.13,0.08328,0.12,0.03072,2016-04
0722,22,7,原町,0.12,0.03072,0.13,0.08328,2016-04
2623,23,26,原町,0.4,1.5024,0.53,2.18568,2016-04
2423,23,24,原町,0.49,1.97544,0.48,1.92288,2016-04
2323,23,23,原町,0.94,4.34064,0.5,2.028,2016-04
2223,23,22,原町,0.55,2.2908,0.37,1.34472,2016-04
2123,23,21,原町,0.44,1.71264,0.19,0.39864,2016-04
2023,23,20,原町,0.19,0.39864,0.17,0.29352,2016-04
1923,23,19,原町,0.19,0.39864,0.25,0.714,2016-04
1823,23,18,原町,0.21,0.50376,0.18,0.34608,2016-04
1723,23,17,原町,0.21,0.50376,0.13,0.08328,2016-04
1623,23,16,原町,0.26,0.76656,0.23,0.60888,2016-04
1523,23,15,原町,0.16,0.24096,0.1,-0.0744,2016-04
1423,23,14,原町,0.18,0.34608,0.12,0.03072,2016-04
1323,23,13,原町,0.19,0.39864,0.11,-0.02184,2016-04
1223,23,12,原町,0.13,0.08328,0.16,0.24096,2016-04
1123,23,11,原町,0.17,0.29352,0.18,0.34608,2016-04
1023,23,10,原町,0.16,0.24096,0.16,0.24096,2016-04
0923,23,9,原町,0.18,0.34608,0.16,0.24096,2016-04
0823,23,8,原町,0.12,0.03072,0.14,0.13584,2016-04
0723,23,7,原町,0.14,0.13584,0.12,0.03072,2016-04
0623,23,6,原町,0.12,0.03072,0.13,0.08328,2016-04
2624,24,26,原町,0.44,1.71264,0.6,2.5536,2016-04
2424,24,24,原町,0.4,1.5024,0.49,1.97544,2016-04
2324,24,23,原町,0.28,0.87168,0.3,0.9768,2016-04
2224,24,22,原町,0.76,3.39456,0.4,1.5024,2016-04
2124,24,21,原町,0.76,3.39456,0.35,1.2396,2016-04
2024,24,20,原町,0.57,2.39592,0.4,1.5024,2016-04
1924,24,19,原町,0.26,0.76656,0.21,0.50376,2016-04
1824,24,18,原町,0.18,0.34608,0.13,0.08328,2016-04
1724,24,17,原町,0.28,0.87168,0.21,0.50376,2016-04
1624,24,16,原町,0.15,0.1884,0.13,0.08328,2016-04
1524,24,15,原町,0.18,0.34608,0.14,0.13584,2016-04
1424,24,14,原町,0.16,0.24096,0.15,0.1884,2016-04
1324,24,13,原町,0.18,0.34608,0.14,0.13584,2016-04
1224,24,12,原町,0.14,0.13584,0.13,0.08328,2016-04
1124,24,11,原町,0.19,0.39864,0.16,0.24096,2016-04
1024,24,10,原町,0.13,0.08328,0.12,0.03072,2016-04
0924,24,9,原町,0.12,0.03072,0.12,0.03072,2016-04
0824,24,8,原町,0.16,0.24096,0.12,0.03072,2016-04
0724,24,7,原町,0.14,0.13584,0.1,-0.0744,2016-04
0624,24,6,原町,0.12,0.03072,0.1,-0.0744,2016-04
2625,25,26,原町,0.4,1.5024,0.5,2.028,2016-04
2525,25,25,原町,0.66,2.86896,0.4,1.5024,2016-04
2425,25,24,原町,0.18,0.34608,0.23,0.60888,2016-04
2325,25,23,原町,0.7,3.0792,0.37,1.34472,2016-04
2225,25,22,原町,0.67,2.92152,0.36,1.29216,2016-04
2125,25,21,原町,0.19,0.39864,0.14,0.13584,2016-04
2025,25,20,原町,0.42,1.60752,0.29,0.92424,2016-04
1925,25,19,原町,0.21,0.50376,0.19,0.39864,2016-04
1825,25,18,原町,0.57,2.39592,0.22,0.55632,2016-04
1725,25,17,原町,0.19,0.39864,0.15,0.1884,2016-04
1625,25,16,原町,0.26,0.76656,0.15,0.1884,2016-04
1525,25,15,原町,0.14,0.13584,0.15,0.1884,2016-04
1425,25,14,原町,0.13,0.08328,0.14,0.13584,2016-04
1325,25,13,原町,0.19,0.39864,0.14,0.13584,2016-04
1225,25,12,原町,0.15,0.1884,0.15,0.1884,2016-04
1125,25,11,原町,0.15,0.1884,0.16,0.24096,2016-04
1025,25,10,原町,0.2,0.4512,0.11,-0.02184,2016-04
0925,25,9,原町,0.17,0.29352,0.1,-0.0744,2016-04
0825,25,8,原町,0.18,0.34608,0.14,0.13584,2016-04
0725,25,7,原町,0.15,0.1884,0.13,0.08328,2016-04
0625,25,6,原町,0.12,0.03072,0.12,0.03072,2016-04
2726,26,27,原町,0.43,1.66008,0.52,2.13312,2016-04
2626,26,26,原町,0.78,3.49968,0.71,3.13176,2016-04
2526,26,25,原町,0.75,3.342,0.61,2.60616,2016-04
2426,26,24,原町,1.12,5.28672,0.49,1.97544,2016-04
2326,26,23,原町,0.27,0.81912,0.28,0.87168,2016-04
2226,26,22,原町,0.16,0.24096,0.2,0.4512,2016-04
2126,26,21,原町,0.2,0.4512,0.27,0.81912,2016-04
2026,26,20,原町,0.13,0.08328,0.16,0.24096,2016-04
1926,26,19,原町,0.2,0.4512,0.19,0.39864,2016-04
1826,26,18,原町,0.18,0.34608,0.24,0.66144,2016-04
1726,26,17,原町,0.25,0.714,0.18,0.34608,2016-04
1626,26,16,原町,0.37,1.34472,0.15,0.1884,2016-04
1526,26,15,原町,0.13,0.08328,0.17,0.29352,2016-04
1426,26,14,原町,0.25,0.714,0.26,0.76656,2016-04
1326,26,13,原町,0.13,0.08328,0.15,0.1884,2016-04
1226,26,12,原町,0.15,0.1884,0.11,-0.02184,2016-04
1126,26,11,原町,0.13,0.08328,0.12,0.03072,2016-04
1026,26,10,原町,0.36,1.29216,0.15,0.1884,2016-04
0926,26,9,原町,0.14,0.13584,0.14,0.13584,2016-04
0826,26,8,原町,0.14,0.13584,0.15,0.1884,2016-04
0726,26,7,原町,0.19,0.39864,0.14,0.13584,2016-04
0626,26,6,原町,0.12,0.03072,0.09,-0.12696,2016-04
2527,27,25,原町,0.28,0.87168,0.32,1.08192,2016-04
2427,27,24,原町,0.53,2.18568,0.46,1.81776,2016-04
2327,27,23,原町,0.18,0.34608,0.23,0.60888,2016-04
2227,27,22,原町,0.16,0.24096,0.15,0.1884,2016-04
2127,27,21,原町,0.2,0.4512,0.29,0.92424,2016-04
2027,27,20,原町,0.25,0.714,0.19,0.39864,2016-04
1927,27,19,原町,0.72,3.18432,0.2,0.4512,2016-04
1827,27,18,原町,0.37,1.34472,0.15,0.1884,2016-04
1727,27,17,原町,0.15,0.1884,0.14,0.13584,2016-04
1627,27,16,原町,0.18,0.34608,0.19,0.39864,2016-04
1527,27,15,原町,0.19,0.39864,0.16,0.24096,2016-04
1427,27,14,原町,0.13,0.08328,0.18,0.34608,2016-04
1327,27,13,原町,0.18,0.34608,0.13,0.08328,2016-04
1227,27,12,原町,0.21,0.50376,0.12,0.03072,2016-04
1127,27,11,原町,0.14,0.13584,0.11,-0.02184,2016-04
1027,27,10,原町,0.44,1.71264,0.15,0.1884,2016-04
0927,27,9,原町,0.12,0.03072,0.12,0.03072,2016-04
0827,27,8,原町,0.13,0.08328,0.13,0.08328,2016-04
0727,27,7,原町,0.1,-0.0744,0.1,-0.0744,2016-04
0627,27,6,原町,0.11,-0.02184,0.1,-0.0744,2016-04
2528,28,25,原町,0.33,1.13448,0.36,1.29216,2016-04
2428,28,24,原町,0.36,1.29216,0.27,0.81912,2016-04
2328,28,23,原町,0.2,0.4512,0.21,0.50376,2016-04
2228,28,22,原町,0.17,0.29352,0.17,0.29352,2016-04
2128,28,21,原町,0.29,0.92424,0.24,0.66144,2016-04
2028,28,20,原町,0.21,0.50376,0.27,0.81912,2016-04
1928,28,19,原町,0.24,0.66144,0.2,0.4512,2016-04
1828,28,18,原町,0.23,0.60888,0.22,0.55632,2016-04
1728,28,17,原町,0.82,3.70992,0.22,0.55632,2016-04
1628,28,16,原町,0.42,1.60752,0.24,0.66144,2016-04
1528,28,15,原町,0.23,0.60888,0.21,0.50376,2016-04
1428,28,14,原町,0.2,0.4512,0.2,0.4512,2016-04
1328,28,13,原町,0.19,0.39864,0.2,0.4512,2016-04
1228,28,12,原町,0.24,0.66144,0.24,0.66144,2016-04
1128,28,11,原町,0.17,0.29352,0.22,0.55632,2016-04
1028,28,10,原町,0.14,0.13584,0.18,0.34608,2016-04
0928,28,9,原町,0.14,0.13584,0.14,0.13584,2016-04
0828,28,8,原町,0.12,0.14,0.1,-0.0744,2016-04
0728,28,7,原町,0.11,0.13,0.11,-0.02184,2016-04
0628,28,6,原町,0.08,0.1,0.1,-0.0744,2016-04
2529,29,25,原町,0.39,1.44984,0.44,1.71264,2016-04
2329,29,23,原町,0.21,0.50376,0.26,0.76656,2016-04
2229,29,22,原町,0.28,0.87168,0.25,0.714,2016-04
2129,29,21,原町,0.14,0.13584,0.21,0.50376,2016-04
2029,29,20,原町,0.22,0.55632,0.2,0.4512,2016-04
1929,29,19,原町,0.21,0.50376,0.43,1.66008,2016-04
1829,29,18,原町,0.16,0.24096,0.21,0.50376,2016-04
1729,29,17,原町,0.18,0.34608,0.19,0.39864,2016-04
1629,29,16,原町,0.46,1.81776,0.17,0.29352,2016-04
1529,29,15,原町,0.17,0.29352,0.16,0.24096,2016-04
1429,29,14,原町,0.34,1.18704,0.27,0.81912,2016-04
1329,29,13,原町,0.16,0.24096,0.12,0.03072,2016-04
1229,29,12,原町,0.25,0.714,0.22,0.55632,2016-04
1129,29,11,原町,0.15,0.1884,0.11,-0.02184,2016-04
0929,29,9,原町,0.1,-0.0744,0.12,0.03072,2016-04
0829,29,8,原町,0.12,0.03072,0.12,0.03072,2016-04
0729,29,7,原町,0.13,0.08328,0.11,-0.02184,2016-04
0629,29,6,原町,0.16,0.24096,0.12,0.03072,2016-04
2530,30,25,原町,0.33,1.13448,0.32,1.08192,2016-04
2430,30,24,原町,0.29,0.92424,0.43,1.66008,2016-04
2330,30,23,原町,0.22,0.55632,0.35,1.2396,2016-04
2230,30,22,原町,0.21,0.50376,0.25,0.714,2016-04
2130,30,21,原町,0.25,0.714,0.28,0.87168,2016-04
2030,30,20,原町,0.28,0.87168,0.22,0.55632,2016-04
1930,30,19,原町,0.25,0.714,0.19,0.39864,2016-04
1830,30,18,原町,0.27,0.81912,0.35,1.2396,2016-04
1730,30,17,原町,0.22,0.55632,0.2,0.4512,2016-04
1630,30,16,原町,0.25,0.714,0.22,0.55632,2016-04
1530,30,15,原町,0.12,0.03072,0.16,0.24096,2016-04
1430,30,14,原町,0.21,0.50376,0.16,0.24096,2016-04
1330,30,13,原町,0.18,0.34608,0.18,0.34608,2016-04
1230,30,12,原町,0.13,0.08328,0.21,0.50376,2016-04
1130,30,11,原町,0.21,0.50376,0.18,0.34608,2016-04
0930,30,9,原町,0.12,0.03072,0.13,0.08328,2016-04
0830,30,8,原町,0.16,0.24096,0.09,-0.12696,2016-04
0730,30,7,原町,0.22,0.55632,0.15,0.1884,2016-04
0630,30,6,原町,0.12,0.03072,0.1,-0.0744,2016-04
0530,30,5,原町,0.14,0.13584,0.11,-0.02184,2016-04
2431,31,24,原町,0.63,2.71128,0.56,2.34336,2016-04
2331,31,23,原町,0.27,0.81912,0.36,1.29216,2016-04
2231,31,22,原町,0.24,0.66144,0.25,0.714,2016-04
2131,31,21,原町,0.23,0.60888,0.22,0.55632,2016-04
2031,31,20,原町,0.23,0.60888,0.25,0.714,2016-04
1931,31,19,原町,0.21,0.50376,0.2,0.4512,2016-04
1831,31,18,原町,0.49,1.97544,0.39,1.44984,2016-04
1731,31,17,原町,0.18,0.34608,0.2,0.4512,2016-04
1631,31,16,原町,0.16,0.24096,0.19,0.39864,2016-04
1531,31,15,原町,0.22,0.55632,0.16,0.24096,2016-04
1431,31,14,原町,0.14,0.13584,0.21,0.50376,2016-04
1331,31,13,原町,0.17,0.29352,0.18,0.34608,2016-04
1231,31,12,原町,0.12,0.03072,0.09,-0.12696,2016-04
1131,31,11,原町,0.17,0.29352,0.15,0.1884,2016-04
1031,31,10,原町,0.11,-0.02184,0.11,-0.02184,2016-04
0931,31,9,原町,0.19,0.39864,0.16,0.24096,2016-04
0831,31,8,原町,0.12,0.03072,0.11,-0.02184,2016-04
0731,31,7,原町,0.17,0.29352,0.17,0.29352,2016-04
0631,31,6,原町,0.11,-0.02184,0.11,-0.02184,2016-04
0531,31,5,原町,0.11,-0.02184,0.08,-0.17952,2016-04
2532,32,25,原町,0.91,4.18296,0.62,2.65872,2016-04
2432,32,24,原町,0.18,0.34608,0.21,0.50376,2016-04
2332,32,23,原町,0.32,1.08192,0.3,0.9768,2016-04
2232,32,22,原町,0.88,4.02528,0.31,1.02936,2016-04
2132,32,21,原町,0.22,0.55632,0.33,1.13448,2016-04
2032,32,20,原町,0.2,0.4512,0.34,1.18704,2016-04
1932,32,19,原町,0.23,0.60888,0.23,0.60888,2016-04
1832,32,18,原町,0.17,0.29352,0.23,0.60888,2016-04
1732,32,17,原町,0.16,0.24096,0.23,0.60888,2016-04
1632,32,16,原町,0.14,0.51,0.22,0.55632,2016-04
1532,32,15,原町,0.2,0.4512,0.17,0.29352,2016-04
1432,32,14,原町,0.15,0.1884,0.19,0.39864,2016-04
1332,32,13,原町,0.2,0.4512,0.22,0.55632,2016-04
1232,32,12,原町,0.18,0.34608,0.2,0.4512,2016-04
1132,32,11,原町,0.14,0.13584,0.13,0.08328,2016-04
1032,32,10,原町,0.15,0.1884,0.14,0.13584,2016-04
0932,32,9,原町,0.14,0.13584,0.16,0.24096,2016-04
0832,32,8,原町,0.14,0.13584,0.12,0.03072,2016-04
0732,32,7,原町,0.12,0.03072,0.1,-0.0744,2016-04
0632,32,6,原町,0.21,0.50376,0.13,0.08328,2016-04
0532,32,5,原町,0.13,0.08328,0.15,0.1884,2016-04
2633,33,26,原町,0.7,3.0792,0.54,2.23824,2016-04
2533,33,25,原町,0.79,3.55224,0.42,1.60752,2016-04
2433,33,24,原町,0.27,0.81912,0.36,1.29216,2016-04
2333,33,23,原町,0.35,1.2396,0.36,1.29216,2016-04
2233,33,22,原町,0.42,1.60752,0.37,1.34472,2016-04
2133,33,21,原町,0.21,0.50376,0.22,0.55632,2016-04
2033,33,20,原町,0.17,0.29352,0.34,1.18704,2016-04
1933,33,19,原町,0.2,0.4512,0.37,1.34472,2016-04
1833,33,18,原町,0.21,0.50376,0.18,0.34608,2016-04
1733,33,17,原町,0.21,0.50376,0.22,0.55632,2016-04
1633,33,16,原町,0.13,0.08328,0.16,0.24096,2016-04
1533,33,15,原町,0.16,0.24096,0.18,0.34608,2016-04
1433,33,14,原町,0.15,0.13,0.17,0.29352,2016-04
1333,33,13,原町,0.18,0.34608,0.2,0.4512,2016-04
1233,33,12,原町,0.21,0.50376,0.18,0.34608,2016-04
1133,33,11,原町,0.14,0.13584,0.15,0.1884,2016-04
1033,33,10,原町,0.17,0.29352,0.14,0.13584,2016-04
0933,33,9,原町,0.13,0.08328,0.15,0.1884,2016-04
0833,33,8,原町,0.13,0.08328,0.16,0.24096,2016-04
0733,33,7,原町,0.15,0.1884,0.15,0.1884,2016-04
0633,33,6,原町,0.21,0.50376,0.14,0.13584,2016-04
0533,33,5,原町,0.11,-0.02184,0.16,0.24096,2016-04
0433,33,4,原町,0.13,0.08328,0.14,0.13584,2016-04
2634,34,26,原町,0.88,4.02528,1.06,4.97136,2016-04
2534,34,25,原町,0.43,1.66008,0.62,2.65872,2016-04
2434,34,24,原町,0.47,1.87032,0.36,1.29216,2016-04
2334,34,23,原町,0.24,0.66144,0.29,0.92424,2016-04
2234,34,22,原町,0.27,0.81912,0.17,0.29352,2016-04
2134,34,21,原町,0.35,1.2396,0.41,1.55496,2016-04
2034,34,20,原町,0.59,2.50104,0.49,1.97544,2016-04
1934,34,19,原町,0.22,0.55632,0.34,1.18704,2016-04
1834,34,18,原町,0.38,1.39728,0.35,1.2396,2016-04
1734,34,17,原町,0.2,0.4512,0.15,0.1884,2016-04
1634,34,16,原町,0.22,0.55632,0.21,0.50376,2016-04
1534,34,15,原町,0.2,0.4512,0.23,0.60888,2016-04
1434,34,14,原町,0.12,0.03072,0.14,0.13584,2016-04
1334,34,13,原町,0.2,0.4512,0.23,0.60888,2016-04
1234,34,12,原町,0.24,0.66144,0.21,0.50376,2016-04
1134,34,11,原町,0.17,0.29352,0.18,0.34608,2016-04
1034,34,10,原町,0.16,0.24096,0.17,0.29352,2016-04
0934,34,9,原町,0.12,0.03072,0.17,0.29352,2016-04
0834,34,8,原町,0.06,-0.28464,0.13,0.08328,2016-04
0734,34,7,原町,0.16,0.24096,0.13,0.08328,2016-04
0634,34,6,原町,0.12,0.03072,0.1,-0.0744,2016-04
0534,34,5,原町,0.21,0.50376,0.13,0.08328,2016-04
0434,34,4,原町,0.19,0.39864,0.14,0.13584,2016-04
2535,35,25,原町,0.4,1.5024,0.5,2.028,2016-04
2435,35,24,原町,0.92,4.23552,0.36,1.29216,2016-04
2335,35,23,小高,0.25,0.714,0.31,1.02936,2016-04
2235,35,22,原町,0.29,0.92424,0.31,1.02936,2016-04
2135,35,21,原町,0.27,0.81912,0.24,0.66144,2016-04
2035,35,20,原町,0.28,0.87168,0.26,0.76656,2016-04
1935,35,19,原町,0.43,1.66008,0.33,1.13448,2016-04
1835,35,18,原町,0.34,1.18704,0.35,1.2396,2016-04
1735,35,17,原町,0.5,2.028,0.41,1.55496,2016-04
1635,35,16,原町,0.18,0.34608,0.21,0.50376,2016-04
1535,35,15,原町,0.21,0.50376,0.16,0.24096,2016-04
1435,35,14,原町,0.18,0.34608,0.18,0.34608,2016-04
1335,35,13,原町,0.19,0.39864,0.17,0.29352,2016-04
1235,35,12,原町,0.2,0.4512,0.17,0.29352,2016-04
1135,35,11,原町,0.2,0.4512,0.2,0.4512,2016-04
1035,35,10,原町,0.28,0.87168,0.18,0.34608,2016-04
0935,35,9,原町,0.36,1.29216,0.17,0.29352,2016-04
0835,35,8,原町,0.11,-0.02184,0.15,0.1884,2016-04
0735,35,7,原町,0.1,-0.0744,0.11,-0.02184,2016-04
0635,35,6,原町,0.23,0.60888,0.21,0.50376,2016-04
0535,35,5,原町,0.11,-0.02184,0.12,0.03072,2016-04
0435,35,4,原町,0.18,0.34608,0.17,0.29352,2016-04
2836,36,28,原町,1.6,7.8096,0.86,3.92016,2016-04
2336,36,23,小高,0.21,0.50376,0.24,0.66144,2016-04
2236,36,22,小高,0.21,0.50376,0.29,0.92424,2016-04
2136,36,21,小高,0.32,1.08192,0.31,1.02936,2016-04
2036,36,20,小高,0.23,0.60888,0.28,0.87168,2016-04
1936,36,19,小高,0.26,0.76656,0.31,1.02936,2016-04
1836,36,18,小高,0.62,2.65872,0.5,2.028,2016-04
1536,36,15,原町,0.19,0.39864,0.21,0.50376,2016-04
1436,36,14,原町,0.28,0.87168,0.23,0.60888,2016-04
1336,36,13,原町,0.44,1.71264,0.24,0.66144,2016-04
1236,36,12,原町,0.19,0.39864,0.17,0.29352,2016-04
1136,36,11,原町,0.22,0.55632,0.24,0.66144,2016-04
1036,36,10,原町,0.18,0.34608,0.14,0.13584,2016-04
0936,36,9,原町,0.13,0.08328,0.18,0.34608,2016-04
0836,36,8,原町,0.13,0.08328,0.22,0.55632,2016-04
0736,36,7,原町,0.14,0.13584,0.13,0.08328,2016-04
0636,36,6,原町,0.14,0.13584,0.17,0.29352,2016-04
0536,36,5,原町,0.12,0.03072,0.12,0.03072,2016-04
0436,36,4,原町,,-0.6,,-0.6,2016-04
2237,37,22,小高,0.35,1.2396,0.34,1.18704,2016-04
2137,37,21,小高,0.23,0.60888,0.28,0.87168,2016-04
2037,37,20,小高,0.25,0.714,0.22,0.55632,2016-04
1937,37,19,小高,0.26,0.76656,0.3,0.9768,2016-04
1837,37,18,小高,0.2,0.4512,0.22,0.55632,2016-04
1737,37,17,小高,0.22,0.55632,0.28,0.87168,2016-04
1637,37,16,小高,0.23,0.60888,0.17,0.29352,2016-04
1537,37,15,小高,0.37,1.34472,0.31,1.02936,2016-04
1437,37,14,原町,0.44,1.71264,0.29,0.92424,2016-04
1337,37,13,原町,0.2,0.4512,0.24,0.66144,2016-04
1237,37,12,原町,0.17,0.29352,0.2,0.4512,2016-04
1137,37,11,原町,0.17,0.29352,0.2,0.4512,2016-04
1037,37,10,原町,0.15,0.1884,0.15,0.1884,2016-04
0937,37,9,原町,0.14,0.13584,0.16,0.24096,2016-04
0837,37,8,原町,0.25,0.714,0.18,0.34608,2016-04
0737,37,7,原町,0.12,0.03072,0.14,0.13584,2016-04
0637,37,6,原町,0.2,0.4512,0.17,0.29352,2016-04
0537,37,5,原町,0.11,-0.02184,0.11,-0.02184,2016-04
2438,38,24,小高,0.28,0.87168,0.48,1.92288,2016-04
2338,38,23,小高,0.28,0.87168,0.32,1.08192,2016-04
2238,38,22,小高,0.34,1.18704,0.42,1.60752,2016-04
2138,38,21,小高,0.2,0.4512,0.28,0.87168,2016-04
2038,38,20,小高,0.24,0.66144,0.29,0.92424,2016-04
1938,38,19,小高,0.19,0.39864,0.21,0.50376,2016-04
1838,38,18,小高,0.42,1.60752,0.36,1.29216,2016-04
1738,38,17,小高,0.2,0.4512,0.21,0.50376,2016-04
1638,38,16,小高,0.13,0.08328,0.15,0.1884,2016-04
1538,38,15,小高,0.15,0.1884,0.16,0.24096,2016-04
1438,38,14,小高,0.16,0.24096,0.16,0.24096,2016-04
1338,38,13,小高,0.16,0.24096,0.16,0.24096,2016-04
1238,38,12,原町,0.14,0.13584,0.2,0.4512,2016-04
1138,38,11,原町,0.22,0.55632,0.17,0.29352,2016-04
1038,38,10,原町,0.16,0.24096,0.13,0.08328,2016-04
0938,38,9,原町,0.23,0.60888,0.21,0.50376,2016-04
0838,38,8,原町,0.17,0.29352,0.13,0.08328,2016-04
0738,38,7,原町,0.16,0.24096,0.18,0.34608,2016-04
0638,38,6,原町,0.19,0.39864,0.19,0.39864,2016-04
0538,38,5,原町,0.11,-0.02184,0.1,-0.0744,2016-04
3039,39,30,原町,1.64,8.01984,1.3,6.2328,2016-04
2139,39,21,小高,0.25,0.714,0.28,0.87168,2016-04
2039,39,20,小高,0.35,1.2396,0.33,1.13448,2016-04
1939,39,19,小高,0.24,0.66144,0.31,1.02936,2016-04
1839,39,18,小高,0.74,3.28944,0.54,2.23824,2016-04
1739,39,17,小高,0.2,0.4512,0.19,0.39864,2016-04
1639,39,16,小高,0.2,0.4512,0.23,0.60888,2016-04
1539,39,15,小高,0.17,0.29352,0.2,0.4512,2016-04
1439,39,14,小高,0.12,0.03072,0.13,0.08328,2016-04
1339,39,13,小高,0.14,0.13584,0.15,0.1884,2016-04
1239,39,12,小高,0.12,0.03072,0.12,0.03072,2016-04
1139,39,11,小高,0.18,0.34608,0.19,0.39864,2016-04
1039,39,10,小高,0.25,0.714,0.21,0.50376,2016-04
0939,39,9,小高,0.15,0.1884,0.17,0.29352,2016-04
0839,39,8,小高,0.13,0.08328,0.18,0.34608,2016-04
0639,39,6,小高,0.16,0.24096,0.16,0.24096,2016-04
0539,39,5,小高,0.09,-0.12696,0.1,-0.0744,2016-04
0439,39,4,小高,0.12,0.03072,0.07,-0.23208,2016-04
3040,40,30,原町,0.69,3.02664,0.79,3.55224,2016-04
2240,40,22,小高,0.85,3.8676,0.52,2.13312,2016-04
2140,40,21,小高,0.31,1.02936,0.47,1.87032,2016-04
2040,40,20,小高,0.27,0.81912,0.23,0.60888,2016-04
1940,40,19,小高,0.2,0.4512,0.22,0.55632,2016-04
1840,40,18,小高,0.26,0.76656,0.36,1.29216,2016-04
1740,40,17,小高,0.18,0.34608,0.17,0.29352,2016-04
1640,40,16,小高,0.21,0.50376,0.45,1.7652,2016-04
1540,40,15,小高,0.21,0.50376,0.17,0.29352,2016-04
1440,40,14,小高,0.16,0.24096,0.16,0.24096,2016-04
1340,40,13,小高,0.16,0.24096,0.15,0.1884,2016-04
1240,40,12,小高,0.14,0.13584,0.11,-0.02184,2016-04
1140,40,11,小高,0.16,0.24096,0.15,0.1884,2016-04
1040,40,10,小高,0.13,0.08328,0.16,0.24096,2016-04
0940,40,9,小高,0.11,-0.02184,0.15,0.1884,2016-04
0840,40,8,小高,0.11,-0.02184,0.12,0.03072,2016-04
0740,40,7,小高,0.17,0.29352,0.15,0.1884,2016-04
0640,40,6,小高,0.16,0.24096,0.14,0.13584,2016-04
0540,40,5,小高,0.13,0.08328,0.11,-0.02184,2016-04
2341,41,23,小高,1.01,4.70856,0.73,3.23688,2016-04
2241,41,22,小高,0.5,2.028,0.39,1.44984,2016-04
2141,41,21,小高,0.19,0.39864,0.2,0.4512,2016-04
2041,41,20,小高,0.26,0.76656,0.25,0.714,2016-04
1941,41,19,小高,0.23,0.60888,0.25,0.714,2016-04
1841,41,18,小高,0.43,1.66008,0.4,1.5024,2016-04
1741,41,17,小高,0.21,0.50376,0.22,0.55632,2016-04
1641,41,16,小高,0.19,0.39864,0.19,0.39864,2016-04
1541,41,15,小高,0.24,0.66144,0.23,0.60888,2016-04
1441,41,14,小高,0.19,0.39864,0.2,0.4512,2016-04
1341,41,13,小高,0.48,1.92288,0.23,0.60888,2016-04
1241,41,12,小高,0.19,0.39864,0.16,0.24096,2016-04
1141,41,11,小高,0.16,0.24096,0.19,0.39864,2016-04
1041,41,10,小高,0.16,0.24096,0.26,0.76656,2016-04
0941,41,9,小高,0.13,0.08328,0.15,0.1884,2016-04
0841,41,8,小高,0.13,0.08328,0.14,0.13584,2016-04
0741,41,7,小高,0.22,0.55632,0.16,0.24096,2016-04
0641,41,6,小高,0.12,0.03072,0.15,0.1884,2016-04
0541,41,5,小高,0.13,0.08328,0.17,0.29352,2016-04
2342,42,23,小高,1.33,6.39048,0.89,4.07784,2016-04
2242,42,22,小高,0.45,1.7652,0.43,1.66008,2016-04
2142,42,21,小高,0.55,2.2908,0.63,2.71128,2016-04
2042,42,20,小高,0.55,2.2908,0.54,2.23824,2016-04
1942,42,19,小高,0.78,3.49968,0.63,2.71128,2016-04
1842,42,18,小高,0.37,1.34472,0.34,1.18704,2016-04
1742,42,17,小高,0.22,0.55632,0.39,1.44984,2016-04
1642,42,16,小高,0.29,0.92424,0.55,2.2908,2016-04
1542,42,15,小高,0.18,0.34608,0.21,0.50376,2016-04
1442,42,14,小高,0.18,0.34608,0.2,0.4512,2016-04
1342,42,13,小高,0.2,0.4512,0.18,0.34608,2016-04
1242,42,12,小高,0.16,0.24096,0.14,0.13584,2016-04
1142,42,11,小高,0.12,0.03072,0.13,0.08328,2016-04
1042,42,10,小高,0.14,0.13584,0.17,0.29352,2016-04
0942,42,9,小高,0.11,-0.02184,0.15,0.1884,2016-04
0842,42,8,小高,0.11,-0.02184,0.11,-0.02184,2016-04
0742,42,7,小高,0.12,0.03072,0.1,-0.0744,2016-04
0642,42,6,小高,0.17,0.29352,0.19,0.39864,2016-04
0542,42,5,小高,0.15,0.1884,0.12,0.03072,2016-04
2343,43,23,小高,0.96,4.44576,0.73,3.23688,2016-04
2243,43,22,小高,0.3,0.9768,0.4,1.5024,2016-04
2143,43,21,小高,0.58,2.44848,0.61,2.60616,2016-04
2043,43,20,小高,0.22,0.55632,0.22,0.55632,2016-04
1943,43,19,小高,0.22,0.55632,0.2,0.4512,2016-04
1843,43,18,小高,0.23,0.60888,0.22,0.55632,2016-04
1743,43,17,小高,0.25,0.714,0.26,0.76656,2016-04
1643,43,16,小高,0.23,0.60888,0.53,2.18568,2016-04
1543,43,15,小高,0.25,0.714,0.35,1.2396,2016-04
1443,43,14,小高,0.17,0.29352,0.2,0.4512,2016-04
1343,43,13,小高,0.57,2.39592,0.28,0.87168,2016-04
1243,43,12,小高,0.17,0.29352,0.21,0.50376,2016-04
1143,43,11,小高,0.1,-0.0744,0.2,0.4512,2016-04
1043,43,10,小高,0.18,0.34608,0.2,0.4512,2016-04
0943,43,9,小高,0.15,0.1884,0.19,0.39864,2016-04
0843,43,8,小高,0.12,0.03072,0.13,0.08328,2016-04
0743,43,7,小高,0.16,0.24096,0.23,0.60888,2016-04
0643,43,6,小高,0.14,0.13584,0.1,-0.0744,2016-04
0543,43,5,小高,0.12,0.03072,0.09,-0.12696,2016-04
0443,43,4,小高,0.12,0.03072,0.14,0.13584,2016-04
2344,44,23,小高,0.47,1.87032,0.42,1.60752,2016-04
2244,44,22,小高,0.25,0.714,0.33,1.13448,2016-04
2144,44,21,小高,0.3,0.9768,0.26,0.76656,2016-04
2044,44,20,小高,0.45,1.7652,0.49,1.97544,2016-04
1944,44,19,小高,0.69,3.02664,0.5,2.028,2016-04
1844,44,18,小高,0.25,0.714,0.34,1.18704,2016-04
1744,44,17,小高,0.57,2.39592,0.46,1.81776,2016-04
1644,44,16,小高,0.3,0.9768,0.55,2.2908,2016-04
1544,44,15,小高,0.26,0.76656,0.22,0.55632,2016-04
1444,44,14,小高,0.2,0.4512,0.22,0.55632,2016-04
1344,44,13,小高,0.17,0.29352,0.17,0.29352,2016-04
1244,44,12,小高,0.21,0.50376,0.28,0.87168,2016-04
1144,44,11,小高,0.29,0.92424,0.21,0.50376,2016-04
1044,44,10,小高,0.3,0.9768,0.28,0.87168,2016-04
0944,44,9,小高,0.28,0.87168,0.22,0.55632,2016-04
0844,44,8,小高,0.3,0.9768,0.24,0.66144,2016-04
0744,44,7,小高,0.14,0.13584,0.14,0.13584,2016-04
0644,44,6,小高,0.14,0.13584,0.15,0.1884,2016-04
0544,44,5,小高,0.13,0.08328,0.13,0.08328,2016-04
0444,44,4,小高,0.13,0.08328,0.1,-0.0744,2016-04
2245,45,22,小高,0.73,3.23688,0.85,3.8676,2016-04
2145,45,21,小高,0.37,1.34472,0.69,3.02664,2016-04
2045,45,20,小高,0.34,1.18704,0.65,2.8164,2016-04
1945,45,19,小高,0.21,0.50376,0.27,0.81912,2016-04
1845,45,18,小高,0.23,0.60888,0.29,0.92424,2016-04
1745,45,17,小高,0.24,0.66144,0.34,1.18704,2016-04
1645,45,16,小高,0.23,0.60888,0.46,1.81776,2016-04
1545,45,15,小高,0.2,0.4512,0.32,1.08192,2016-04
1445,45,14,小高,0.28,0.87168,0.26,0.76656,2016-04
1345,45,13,小高,0.17,0.29352,0.17,0.29352,2016-04
1245,45,12,小高,0.13,0.08328,0.13,0.08328,2016-04
1145,45,11,小高,0.13,0.08328,0.14,0.13584,2016-04
1045,45,10,小高,0.22,0.55632,0.17,0.29352,2016-04
0945,45,9,小高,0.14,0.13584,0.18,0.34608,2016-04
0845,45,8,小高,0.15,0.1884,0.15,0.1884,2016-04
0745,45,7,小高,0.16,0.24096,0.17,0.29352,2016-04
0645,45,6,小高,0.12,0.03072,0.17,0.29352,2016-04
0545,45,5,小高,0.27,0.81912,0.24,0.66144,2016-04
0445,45,4,小高,0.16,0.24096,0.13,0.08328,2016-04
2146,46,21,小高,0.37,1.34472,0.76,3.39456,2016-04
2046,46,20,小高,0.32,1.08192,0.38,1.39728,2016-04
1946,46,19,小高,0.41,1.55496,0.34,1.18704,2016-04
1846,46,18,小高,0.21,0.50376,0.44,1.71264,2016-04
1746,46,17,小高,0.41,1.55496,0.59,2.50104,2016-04
1646,46,16,小高,0.23,0.60888,0.33,1.13448,2016-04
1546,46,15,小高,0.53,2.18568,0.37,1.34472,2016-04
1446,46,14,小高,0.29,0.92424,0.32,1.08192,2016-04
1346,46,13,小高,0.25,0.714,0.3,0.9768,2016-04
1146,46,11,小高,0.16,0.24096,0.09,-0.12696,2016-04
0946,46,9,小高,0.14,0.13584,0.18,0.34608,2016-04
0846,46,8,小高,0.12,0.03072,0.11,-0.02184,2016-04
0746,46,7,小高,0.19,0.39864,0.3,0.9768,2016-04
0646,46,6,小高,0.23,0.60888,0.24,0.66144,2016-04
0446,46,4,小高,0.09,-0.12696,0.16,0.24096,2016-04
2147,47,21,小高,0.34,1.18704,0.35,1.2396,2016-04
2047,47,20,小高,0.27,0.81912,0.4,1.5024,2016-04
1947,47,19,小高,0.61,2.60616,0.49,1.97544,2016-04
1847,47,18,小高,0.38,1.39728,1.07,5.02392,2016-04
1747,47,17,小高,0.38,1.39728,0.7,3.0792,2016-04
1247,47,12,小高,0.23,0.60888,0.24,0.66144,2016-04
1147,47,11,小高,0.2,0.4512,0.28,0.87168,2016-04
0947,47,9,小高,0.21,0.50376,0.19,0.39864,2016-04
0847,47,8,小高,0.13,0.08328,0.14,0.13584,2016-04
0747,47,7,小高,0.21,0.50376,0.17,0.29352,2016-04
0547,47,5,小高,0.15,0.1884,0.17,0.29352,2016-04
0447,47,4,小高,0.16,0.24096,0.18,0.34608,2016-04
0347,47,3,小高,0.17,0.29352,0.17,0.29352,2016-04
2348,48,23,小高,0.86,3.92016,0.76,3.39456,2016-04
2248,48,22,小高,0.46,1.81776,0.47,1.87032,2016-04
2148,48,21,小高,0.38,1.39728,0.84,3.81504,2016-04
2048,48,20,小高,0.35,1.2396,0.67,2.92152,2016-04
1948,48,19,小高,1.3,6.2328,2.66,13.38096,2016-04
1848,48,18,小高,0.61,2.60616,0.6,2.5536,2016-04
1748,48,17,小高,1.18,5.60208,1.63,7.96728,2016-04
1248,48,12,小高,0.15,0.1884,0.2,0.4512,2016-04
1148,48,11,小高,0.19,0.39864,0.14,0.13584,2016-04
0948,48,9,小高,,-0.6,,-0.6,2016-04
0848,48,8,小高,0.18,0.34608,0.12,0.03072,2016-04
0748,48,7,小高,0.15,0.1884,0.11,-0.02184,2016-04
0648,48,6,小高,0.13,0.08328,0.12,0.03072,2016-04
0548,48,5,小高,0.16,0.24096,0.15,0.1884,2016-04
0448,48,4,小高,0.12,0.03072,0.14,0.13584,2016-04
0348,48,3,小高,0.14,0.13584,0.13,0.08328,2016-04
2049,49,20,小高,0.39,1.44984,0.36,1.29216,2016-04
1949,49,19,小高,1.7,8.3352,1.81,8.91336,2016-04
1849,49,18,小高,0.69,3.02664,0.86,3.92016,2016-04
1749,49,17,小高,0.34,1.18704,0.36,1.29216,2016-04
1649,49,16,小高,0.74,3.28944,0.86,3.92016,2016-04
1549,49,15,小高,0.24,0.66144,0.29,0.92424,2016-04
1449,49,14,小高,0.24,0.66144,0.22,0.55632,2016-04
1349,49,13,小高,0.23,0.60888,0.4,1.5024,2016-04
1249,49,12,小高,0.22,0.55632,0.22,0.55632,2016-04
1149,49,11,小高,0.14,0.13584,0.14,0.13584,2016-04
1049,49,10,小高,0.7,3.0792,0.33,1.13448,2016-04
0949,49,9,小高,0.16,0.24096,0.17,0.29352,2016-04
0849,49,8,小高,0.13,0.08328,0.13,0.08328,2016-04
0749,49,7,小高,0.15,0.1884,0.15,0.1884,2016-04
0649,49,6,小高,,-0.6,,-0.6,2016-04
0549,49,5,小高,0.09,-0.12696,0.11,-0.02184,2016-04
0449,49,4,小高,0.18,0.34608,0.13,0.08328,2016-04
0349,49,3,小高,0.15,0.1884,0.18,0.34608,2016-04
1650,50,16,小高,0.41,1.55496,0.51,2.08056,2016-04
1550,50,15,小高,0.33,1.13448,0.37,1.34472,2016-04
1450,50,14,小高,0.22,0.55632,0.25,0.714,2016-04
1350,50,13,小高,0.21,0.50376,0.23,0.60888,2016-04
1250,50,12,小高,0.14,0.13584,0.33,1.13448,2016-04
1150,50,11,小高,0.1,-0.0744,0.19,0.39864,2016-04
1050,50,10,小高,0.17,0.29352,0.18,0.34608,2016-04
0950,50,9,小高,0.17,0.29352,0.13,0.08328,2016-04
0850,50,8,小高,0.09,-0.12696,0.14,0.13584,2016-04
0750,50,7,小高,0.09,-0.12696,0.08,-0.17952,2016-04
0650,50,6,小高,0.16,0.24096,0.08,-0.17952,2016-04
0550,50,5,小高,0.13,0.08328,0.13,0.08328,2016-04
0450,50,4,小高,0.13,0.08328,0.1,-0.0744,2016-04
0350,50,3,小高,0.16,0.24096,0.15,0.1884,2016-04
1451,51,14,小高,0.37,1.34472,0.43,1.66008,2016-04
1351,51,13,小高,0.2,0.4512,0.29,0.92424,2016-04
1251,51,12,小高,0.43,1.66008,0.35,1.2396,2016-04
1151,51,11,小高,0.17,0.29352,0.22,0.55632,2016-04
1051,51,10,小高,0.4,1.5024,0.25,0.714,2016-04
0951,51,9,小高,0.21,0.50376,0.2,0.4512,2016-04
0851,51,8,小高,0.12,0.03072,0.13,0.08328,2016-04
0751,51,7,小高,0.1,-0.0744,0.13,0.08328,2016-04
0651,51,6,小高,0.15,0.1884,0.14,0.13584,2016-04
0551,51,5,小高,0.3,0.9768,0.25,0.714,2016-04
0451,51,4,小高,0.17,0.29352,0.15,0.1884,2016-04
0351,51,3,小高,0.13,0.08328,0.11,-0.02184,2016-04
1252,52,12,小高,0.29,0.92424,0.31,1.02936,2016-04
1152,52,11,小高,,-0.6,,-0.6,2016-04
1052,52,10,小高,0.41,1.55496,0.31,1.02936,2016-04
0952,52,9,小高,0.19,0.39864,0.18,0.34608,2016-04
0852,52,8,小高,0.11,-0.02184,0.22,0.55632,2016-04
0752,52,7,小高,0.18,0.34608,0.15,0.1884,2016-04
0652,52,6,小高,0.3,0.9768,0.19,0.39864,2016-04
0552,52,5,小高,0.14,0.13584,0.15,0.1884,2016-04
0452,52,4,小高,0.2,0.4512,0.2,0.4512,2016-04
0352,52,3,小高,0.13,0.08328,0.15,0.1884,2016-04
1053,53,10,小高,,-0.6,,-0.6,2016-04
0953,53,9,小高,0.23,0.60888,0.24,0.66144,2016-04